Genotype ,Days to flower ,Leaf no,weight
WT36,40,19,0.0247
WT36,41,22,0.0296
WT36,42,21,0.0251
WT36,40,21,0.0189
WT36,41,25,0.0392
WT36,38,23,0.0292
WT36,37,20,0.0265
WT36,39,22,0.032
WT36,37,18,0.0244
WT36,40,26,0.0613
WT36,36,22,0.0314
WT36,37,23,0.0353
WT36,38,26,0.0429
WT36,36,26,0.0385
WT36,37,20,0.0275
WT36,36,20,0.0288
WT36,36,21,0.0202
WT36,NA,NA,NA
WT36,34,21,0.0265
WT36,36,19,0.0247
WT38,33,17,0.0161
WT38,33,15,0.0096
WT38,33,14,0.0105
WT38,34,15,0.0102
WT38,33,17,0.0204
WT38,33,16,0.0128
WT38,35,16,0.0146
WT38,33,15,0.0133
WT38,31,14,0.0091
WT38,33,16,0.0136
WT38,31,14,0.0112
WT38,35,17,0.0143
WT38,35,17,0.0261
WT38,33,16,0.0165
WT38,33,15,0.012
WT38,33,17,0.02
WT38,33,15,0.0121
WT38,33,17,0.0176
WT38,36,16,0.0174
WT38,33,16,0.0175
WT30,31,15,0.0205
WT30,28,13,0.0093
WT30,30,15,0.0173
WT30,30,14,0.0155
WT30,31,15,0.0169
WT30,30,16,0.0197
WT30,28,14,0.0131
WT30,31,16,0.0206
WT30,29,15,0.0189
WT30,30,16,0.0212
WT30,31,16,0.0211
WT30,29,15,0.0182
WT30,31,17,0.0223
WT30,31,15,0.0167
WT30,31,16,0.0222
WT30,32,19,0.0238
WT30,29,15,0.0154
WT30,30,15,0.0206
WT30,29,15,0.0192
WT30,30,17,0.0152
WT31,36,26,0.0611
WT31,33,23,0.0407
WT31,35,21,0.043
WT31,36,32,0.0576
WT31,36,32,0.06
WT31,32,24,0.0336
WT31,38,24,0.071
WT31,35,28,0.0434
WT31,32,27,0.0409
WT31,32,26,0.045
WT31,38,34,0.0668
WT31,34,32,0.062
WT31,32,28,0.044
WT31,33,28,0.0414
WT31,32,26,0.0425
WT31,37,34,0.0641
WT31,33,30,0.0654
WT31,36,32,0.069
WT31,33,24,0.0444
WT31,39,37,0.0571
WS-2,26,17,0.0145
WS-2,26,15,0.0129
WS-2,25,17,0.0138
WS-2,26,15,0.0162
WS-2,25,15,0.0091
WS-2,25,16,0.0135
WS-2,25,15,0.0091
WS-2,24,14,0.0094
WS-2,26,16,0.0166
WS-2,25,15,0.0137
WS-2,25,16,0.0157
WS-2,25,17,0.0094
WS-2,26,15,0.0099
WS-2,25,16,0.011
WS-2,24,17,0.0105
WS-2,25,19,0.0172
WS-2,25,15,0.0123
WS-2,24,20,0.0119
WS-2,24,17,0.0115
WS-2,24,16,0.0104
TNZ-1,38,19,0.0306
TNZ-1,39,19,0.0254
TNZ-1,40,19,0.023
TNZ-1,37,18,0.0225
TNZ-1,39,19,0.0267
TNZ-1,38,19,0.0309
TNZ-1,40,19,0.0229
TNZ-1,39,18,0.0258
TNZ-1,40,19,0.0253
TNZ-1,39,19,0.0264
TNZ-1,NA,NA,NA
TNZ-1,40,20,0.033
TNZ-1,38,19,0.0233
TNZ-1,39,19,0.0241
TNZ-1,42,19,0.0242
TNZ-1,42,19,0.0279
TNZ-1,37,18,0.0261
TNZ-1,41,18,0.0201
TNZ-1,38,20,0.0275
TNZ-1,37,18,0.0227
WT34,28,14,0.0135
WT34,24,10,0.0032
WT34,27,14,0.0108
WT34,27,12,0.0041
WT34,27,12,0.0065
WT34,27,14,0.0074
WT34,29,14,0.0102
WT34,28,12,0.0073
WT34,29,13,0.0135
WT34,28,12,0.0059
WT34,28,11,0.0072
WT34,28,12,0.008
WT34,27,14,0.0089
WT34,27,13,0.0065
WT34,26,10,0.0021
WT34,26,10,0.0045
WT34,25,10,0.0026
WT34,26,10,0.0039
WT34,27,13,0.0066
WT34,27,11,0.0067
WT35,32,19,0.0222
WT35,33,22,0.0289
WT35,40,25,0.0411
WT35,39,24,0.0358
WT35,33,22,0.0223
WT35,39,25,0.036
WT35,34,21,0.0281
WT35,32,19,0.0202
WT35,35,22,0.0404
WT35,35,21,0.0188
WT35,36,18,0.0225
WT35,38,25,0.0335
WT35,39,27,0.0466
WT35,35,22,0.021
WT35,37,25,0.0542
WT35,41,29,0.0537
WT35,38,24,0.0315
WT35,39,26,0.0533
WT35,37,24,0.0391
WT35,42,25,0.0552
WT44,34,24,0.0436
WT44,35,28,0.0684
WT44,35,28,0.0506
WT44,35,25,0.0422
WT44,36,24,0.0558
WT44,34,25,0.0511
WT44,33,24,0.0475
WT44,34,25,0.0535
WT44,35,24,0.0554
WT44,35,22,0.0655
WT44,35,24,0.0444
WT44,33,28,0.063
WT44,35,28,0.06
WT44,33,25,0.0532
WT44,34,25,0.0515
WT44,34,27,0.0562
WT44,33,26,0.0604
WT44,35,27,0.0724
WT44,34,22,0.0368
WT44,31,24,0.0468
WT45,31,17,0.0221
WT45,28,15,0.0145
WT45,29,14,0.0151
WT45,28,14,0.015
WT45,32,22,0.0332
WT45,30,17,0.0274
WT45,29,15,0.0229
WT45,28,15,0.0149
WT45,29,17,0.0246
WT45,29,18,0.0233
WT45,29,15,0.0168
WT45,27,15,0.0142
WT45,27,16,0.02
WT45,27,15,0.0181
WT45,27,13,0.0136
WT45,27,14,0.0137
WT45,28,15,0.0191
WT45,28,20,0.022
WT45,30,19,0.0264
WT45,26,14,0.0157
WT52,33,26,0.0478
WT52,33,28,0.0524
WT52,31,21,0.0323
WT52,30,32,0.0477
WT52,31,25,0.0404
WT52,33,34,0.0512
WT52,32,29,0.0415
WT52,32,30,0.0501
WT52,32,26,0.042
WT52,32,29,0.042
WT52,32,33,0.0559
WT52,31,24,0.0391
WT52,31,27,0.0439
WT52,33,27,0.0406
WT52,33,25,0.042
WT52,32,26,0.037
WT52,31,23,0.0323
WT52,32,30,0.0579
WT52,31,33,0.043
WT52,33,32,0.0564
WT54,22,13,0.0077
WT54,23,13,0.0078
WT54,23,15,0.0078
WT54,23,16,0.0042
WT54,22,13,0.0075
WT54,22,14,0.0065
WT54,23,16,0.0097
WT54,22,16,0.0099
WT54,23,15,0.0077
WT54,18,16,0.0036
WT54,20,13,0.006
WT54,23,16,0.0083
WT54,23,18,0.011
WT54,23,15,0.0076
WT54,22,17,0.009
WT54,21,13,0.0067
WT54,21,15,0.0006
WT54,23,18,0.0116
WT54,21,15,0.0086
WT54,24,19,0.0107
WT26,28,26,0.0248
WT26,33,33,0.0357
WT26,31,25,0.0282
WT26,32,28,0.0272
WT26,29,20,0.0236
WT26,28,22,0.0191
WT26,29,19,0.0237
WT26,31,26,0.0283
WT26,29,26,0.0358
WT26,30,25,0.0299
WT26,30,24,0.0235
WT26,31,21,0.0278
WT26,29,19,0.0241
WT26,30,29,0.0348
WT26,31,25,0.0256
WT26,32,27,0.0312
WT26,32,28,0.0318
WT26,30,28,0.0277
WT26,29,20,0.0242
WT26,32,31,0.0378
WT27,26,16,0.0225
WT27,27,18,0.0179
WT27,27,19,0.0189
WT27,27,17,0.0178
WT27,27,20,0.0227
WT27,28,22,0.0145
WT27,25,14,0.0122
WT27,27,18,0.0167
WT27,27,17,0.0149
WT27,26,17,0.0175
WT27,25,15,0.0127
WT27,27,20,0.0241
WT27,27,17,0.0204
WT27,26,15,0.0189
WT27,25,14,0.0101
WT27,25,14,0.0167
WT27,28,25,0.0197
WT27,26,14,0.0147
WT27,26,15,0.0189
WT27,25,14,0.0114
WT13,25,15,0.0129
WT13,25,13,0.0097
WT13,25,14,0.0148
WT13,25,13,0.0134
WT13,28,23,0.0225
WT13,25,15,0.0145
WT13,23,12,0.0109
WT13,23,12,0.0103
WT13,25,14,0.0135
WT13,29,22,0.0347
WT13,25,13,0.0117
WT13,25,12,0.009
WT13,24,14,0.0112
WT13,29,23,0.0331
WT13,24,13,0.0083
WT13,24,13,0.0106
WT13,28,20,0.0222
WT13,23,16,0.0084
WT13,26,15,0.0128
WT13,26,14,0.0161
WT14,24,13,0.0087
WT14,24,12,0.0084
WT14,24,11,0.0073
WT14,24,11,0.0065
WT14,25,12,0.0097
WT14,23,11,0.0068
WT14,25,11,0.0069
WT14,23,11,0.0065
WT14,25,12,0.0077
WT14,25,11,0.0074
WT14,24,12,0.0066
WT14,24,12,0.0079
WT14,24,13,0.0085
WT14,23,11,0.0052
WT14,24,12,0.0089
WT14,25,12,0.0089
WT14,23,11,0.0064
WT14,23,11,0.0058
WT14,24,12,0.0086
WT14,24,11,0.0076
WT46,27,13,0.0069
WT46,28,15,0.0136
WT46,26,12,0.0067
WT46,27,14,0.0075
WT46,27,15,0.0101
WT46,28,18,0.0138
WT46,27,14,0.0079
WT46,26,15,0.0102
WT46,26,13,0.0064
WT46,25,14,0.0068
WT46,24,14,0.0108
WT46,25,14,0.0076
WT46,26,15,0.0115
WT46,26,15,0.0124
WT46,26,15,0.0104
WT46,25,15,0.0114
WT46,25,13,0.0066
WT46,25,15,0.0097
WT46,24,15,0.0071
WT46,24,14,0.0134
WT47,29,14,0.0142
WT47,31,16,0.0152
WT47,32,17,0.0192
WT47,34,26,0.0321
WT47,30,17,0.0063
WT47,34,28,0.031
WT47,31,15,0.0142
WT47,34,23,0.0305
WT47,34,23,0.0268
WT47,31,15,0.0172
WT47,29,15,0.0172
WT47,34,25,0.0362
WT47,33,24,0.0305
WT47,29,15,0.0148
WT47,35,22,0.0293
WT47,31,16,0.0137
WT47,33,25,0.039
WT47,35,19,0.0229
WT47,28,15,0.0104
WT47,30,13,0.0154
WT73,27,12,0.0082
WT73,27,12,0.0076
WT73,26,12,0.011
WT73,25,11,0.0071
WT73,26,12,0.0106
WT73,27,13,0.009
WT73,27,12,0.0102
WT73,25,13,0.0093
WT73,25,11,0.0074
WT73,24,11,0.0066
WT73,27,12,0.0103
WT73,24,12,0.0078
WT73,24,11,0.0064
WT73,24,12,0.0079
WT73,28,13,0.0128
WT73,26,12,0.0085
WT73,24,11,0.0065
WT73,24,10,0.0042
WT73,24,11,0.0066
WT73,24,12,0.0083
WT74,30,23,0.0145
WT74,28,19,0.013
WT74,32,25,0.0252
WT74,29,16,0.0145
WT74,31,24,0.0218
WT74,30,22,0.0202
WT74,30,19,0.0148
WT74,30,22,0.0263
WT74,30,27,0.0273
WT74,30,21,0.0142
WT74,30,20,0.0165
WT74,28,16,0.0127
WT74,32,26,0.0252
WT74,28,19,0.0164
WT74,30,17,0.0118
WT74,28,23,0.0183
WT74,28,22,0.0195
WT74,31,26,0.0203
WT74,30,25,0.025
WT74,27,15,0.009
WT19,26,15,0.01
WT19,26,15,0.0121
WT19,26,15,0.012
WT19,26,17,0.0128
WT19,24,21,0.0106
WT19,23,14,0.0078
WT19,26,19,0.0144
WT19,26,19,0.0122
WT19,25,18,0.0122
WT19,26,18,0.011
WT19,25,19,0.0126
WT19,26,22,0.0116
WT19,25,19,0.0113
WT19,25,17,0.0112
WT19,27,25,0.0148
WT19,25,16,0.0117
WT19,25,19,0.0095
WT19,24,21,0.0116
WT19,26,20,0.0108
WT19,25,22,0.0142
WT22,27,18,0.0168
WT22,28,23,0.0193
WT22,26,15,0.0146
WT22,27,19,0.0177
WT22,27,19,0.0179
WT22,27,22,0.0225
WT22,28,26,0.0284
WT22,27,19,0.0222
WT22,26,16,0.016
WT22,25,18,0.0222
WT22,26,18,0.0219
WT22,26,15,0.0146
WT22,27,21,0.0198
WT22,26,15,0.0159
WT22,27,18,0.012
WT22,26,18,0.0208
WT22,26,19,0.022
WT22,28,23,0.0227
WT22,27,22,0.0199
WT22,28,21,0.0275
WT1,27,18,0.0139
WT1,27,21,0.0202
WT1,27,20,0.017
WT1,27,19,0.0126
WT1,29,22,0.02028
WT1,26,18,0.0155
WT1,27,19,0.0153
WT1,27,19,0.0183
WT1,27,20,0.0142
WT1,28,22,0.0185
WT1,26,24,0.0195
WT1,28,29,0.0252
WT1,30,26,0.0218
WT1,25,18,0.0136
WT1,29,20,0.019
WT1,28,24,0.0212
WT1,26,17,0.0149
WT1,26,15,0.0126
WT1,26,16,0.0132
WT1,26,16,0.0124
WT2,29,23,0.0338
WT2,28,23,0.021
WT2,33,24,0.0339
WT2,27,20,0.0179
WT2,29,26,0.0333
WT2,28,24,0.0234
WT2,31,30,0.0349
WT2,28,25,0.0256
WT2,31,26,0.0288
WT2,31,32,0.0365
WT2,29,23,0.0251
WT2,30,20,0.0266
WT2,29,26,0.0366
WT2,31,32,0.0336
WT2,29,25,0.0415
WT2,29,28,0.0324
WT2,32,27,0.0305
WT2,30,34,0.0477
WT2,31,36,0.042
WT2,25,15,0.0159
WT21,22,10,0.0025
WT21,21,9,0.0014
WT21,19,9,0.0014
WT21,20,10,0.0019
WT21,21,10,0.0017
WT21,21,10,0.0021
WT21,21,10,0.0028
WT21,19,9,0.0018
WT21,20,9,0.0011
WT21,19,9,0.0022
WT21,21,10,0.0023
WT21,21,10,0.0029
WT21,21,10,0.0028
WT21,21,11,0.0029
WT21,19,8,0.0015
WT21,23,11,0.0034
WT21,22,11,0.0023
WT21,22,10,0.0034
WT21,21,11,0.003
WT21,22,11,0.0029
WT24,19,8,0.0014
WT24,19,9,0.002
WT24,19,9,0.0013
WT24,19,9,0.0019
WT24,19,9,0.0015
WT24,19,9,0.0018
WT24,19,9,0.0017
WT24,19,9,0.0017
WT24,19,8,0.0017
WT24,19,9,0.0015
WT24,19,9,0.0018
WT24,19,9,0.0015
WT24,19,8,0.0021
WT24,19,9,0.0018
WT24,19,8,0.0015
WT24,19,8,0.0008
WT24,19,9,0.0021
WT24,19,9,0.0015
WT24,19,9,0.0021
WT24,19,9,0.0018
WT6,27,23,0.0197
WT6,26,18,0.0148
WT6,25,15,0.0135
WT6,26,18,0.0152
WT6,28,25,0.0208
WT6,26,19,0.0162
WT6,25,15,0.0133
WT6,28,24,0.0192
WT6,25,14,0.0108
WT6,26,19,0.0166
WT6,26,20,0.0165
WT6,27,20,0.018
WT6,27,24,0.0178
WT6,27,22,0.0149
WT6,27,21,0.0168
WT6,28,21,0.0191
WT6,28,23,0.0191
WT6,28,18,0.017
WT6,27,17,0.015
WT6,28,25,0.0225
WT10,24,15,0.0089
WT10,28,16,0.0156
WT10,27,18,0.013
WT10,27,16,0.0097
WT10,25,24,0.0135
WT10,26,14,0.0112
WT10,27,16,0.0133
WT10,25,15,0.0114
WT10,26,15,0.0112
WT10,25,15,0.0095
WT10,26,15,0.0092
WT10,27,15,0.0113
WT10,24,17,0.008
WT10,24,19,0.0099
WT10,26,16,0.0109
WT10,27,18,0.0167
WT10,24,21,0.011
WT10,24,14,0.0093
WT10,26,16,0.0198
WT10,27,20,0.012
WT76,22,11,0.0035
WT76,24,11,0.0033
WT76,23,11,0.0041
WT76,22,11,0.003
WT76,22,10,0.0028
WT76,21,10,0.0028
WT76,20,10,0.0035
WT76,23,11,0.0032
WT76,22,10,0.0019
WT76,22,10,0.0034
WT76,23,11,0.0039
WT76,23,11,0.0035
WT76,23,11,0.0044
WT76,23,11,0.0053
WT76,22,10,0.0023
WT76,21,10,0.003
WT76,22,11,0.0033
WT76,25,12,0.0075
WT76,21,10,0.0024
WT76,NA,NA,NA
WT77,22,11,0.0036
WT77,22,11,0.0039
WT77,21,11,0.0036
WT77,22,11,0.0032
WT77,23,11,0.005
WT77,23,11,0.0041
WT77,24,12,0.0053
WT77,NA,NA,NA
WT77,22,11,0.0043
WT77,23,11,0.0048
WT77,23,11,0.0046
WT77,22,11,0.0035
WT77,24,11,0.0044
WT77,23,11,0.0043
WT77,23,11,0.0041
WT77,22,11,0.0039
WT77,22,11,0.0038
WT77,22,10,0.0032
WT77,24,12,0.0045
WT77,22,11,0.0028
WT48,26,15,0.0131
WT48,27,20,0.0144
WT48,27,18,0.0153
WT48,27,20,0.0184
WT48,25,14,0.0104
WT48,26,15,0.0107
WT48,28,16,0.016
WT48,28,15,0.013
WT48,27,14,0.0102
WT48,26,14,0.0131
WT48,26,14,0.0082
WT48,27,17,0.0124
WT48,27,15,0.0136
WT48,27,14,0.0108
WT48,25,13,0.0067
WT48,28,17,NA
WT48,27,17,0.0132
WT48,25,14,0.0101
WT48,25,14,0.0085
WT48,27,15,0.0121
WT49,29,18,0.0159
WT49,32,20,0.0127
WT49,30,17,0.017
WT49,29,18,0.015
WT49,30,18,0.0138
WT49,29,18,0.014
WT49,31,19,0.017
WT49,32,20,0.0176
WT49,30,20,0.0167
WT49,29,18,0.0187
WT49,31,18,0.0183
WT49,30,18,0.015
WT49,29,19,0.018
WT49,30,22,0.0173
WT49,30,16,0.0138
WT49,29,17,0.0151
WT49,31,24,0.019
WT49,29,17,0.0128
WT49,28,16,0.013
WT49,27,16,0.0104
WT62,33,28,0.0344
WT62,31,26,0.0258
WT62,31,22,0.0287
WT62,29,23,0.0178
WT62,31,26,0.0234
WT62,31,26,0.0298
WT62,32,24,0.0339
WT62,28,24,0.0188
WT62,29,26,0.0297
WT62,30,30,0.0273
WT62,30,24,0.0296
WT62,29,23,0.0215
WT62,32,33,0.0368
WT62,29,21,0.0216
WT62,29,30,0.0319
WT62,31,28,0.0326
WT62,28,30,0.0268
WT62,29,29,0.0288
WT62,28,27,0.0255
WT62,29,32,0.0338
WT63,23,12,0.0044
WT63,24,11,0.0046
WT63,22,10,0.0035
WT63,23,12,0.0038
WT63,22,11,0.0035
WT63,22,11,0.0034
WT63,22,11,0.0041
WT63,22,10,0.0034
WT63,23,11,0.0037
WT63,20,9,0.0026
WT63,23,11,0.0039
WT63,23,12,0.0064
WT63,21,10,0.0046
WT63,22,10,0.0037
WT63,22,11,0.0036
WT63,22,11,0.0035
WT63,20,10,0.0032
WT63,20,9,0.004
WT63,21,11,0.0039
WT63,21,11,0.0036
WT28,29,28,0.0254
WT28,31,24,0.0279
WT28,30,28,0.03
WT28,29,25,0.0259
WT28,30,26,0.0318
WT28,30,25,0.028
WT28,29,29,0.0311
WT28,32,23,0.0247
WT28,30,30,0.0302
WT28,29,26,0.025
WT28,30,30,0.0351
WT28,30,21,0.0184
WT28,30,26,0.026
WT28,30,27,0.0259
WT28,29,30,0.0296
WT28,29,28,0.0293
WT28,28,24,0.0236
WT28,28,26,0.0228
WT28,28,22,0.0146
WT28,29,28,0.0322
WT29,28,18,0.0221
WT29,29,21,0.0247
WT29,28,16,0.0156
WT29,28,16,0.0131
WT29,29,27,0.0277
WT29,29,23,0.0294
WT29,29,18,0.0211
WT29,29,22,0.0253
WT29,28,21,0.0195
WT29,28,23,0.0215
WT29,26,15,0.0183
WT29,26,15,0.0157
WT29,27,22,0.0223
WT29,28,21,0.0233
WT29,28,15,0.016
WT29,28,20,0.0184
WT29,27,17,0.0173
WT29,28,18,0.021
WT29,28,18,0.0174
WT29,29,22,0.025
WT15,35,30,0.0644
WT15,30,26,0.0288
WT15,36,32,0.0892
WT15,32,30,0.0698
WT15,29,23,0.0288
WT15,29,30,0.035
WT15,29,29,0.0408
WT15,26,16,0.0195
WT15,29,19,0.0254
WT15,29,25,0.0303
WT15,33,26,0.0657
WT15,28,19,0.025
WT15,31,22,0.0438
WT15,28,16,0.0244
WT15,28,23,0.0294
WT15,28,17,0.0204
WT15,28,16,0.0191
WT15,28,17,0.0219
WT15,30,21,0.0341
WT15,31,24,0.0417
WT16,31,21,0.0338
WT16,30,18,0.0233
WT16,28,16,0.0189
WT16,29,21,0.0331
WT16,27,16,0.017
WT16,29,20,0.0306
WT16,25,15,0.0124
WT16,24,15,0.0095
WT16,25,15,0.0128
WT16,25,13,0.0085
WT16,25,15,0.0131
WT16,28,15,0.0168
WT16,31,20,0.0315
WT16,24,15,0.0098
WT16,25,13,0.008
WT16,24,16,0.0097
WT16,29,23,0.0246
WT16,29,18,0.0237
WT16,33,36,0.0635
WT16,31,20,0.0333
WT3,26,12,0.0084
WT3,26,12,0.0057
WT3,24,15,0.0088
WT3,23,13,0.0067
WT3,23,13,NA
WT3,24,15,0.0075
WT3,25,12,0.0072
WT3,25,14,0.0093
WT3,23,12,0.0066
WT3,23,15,0.0057
WT3,24,13,0.0076
WT3,25,12,0.0085
WT3,24,13,0.0064
WT3,23,13,0.0049
WT3,23,11,0.004
WT3,24,12,0.0052
WT3,23,10,0.0028
WT3,23,11,0.0057
WT3,25,12,0.0078
WT3,26,12,0.0084
WT9,39,28,0.055
WT9,39,32,0.0505
WT9,42,23,0.0395
WT9,41,29,0.0565
WT9,39,31,0.0567
WT9,40,28,0.0578
WT9,37,21,0.0286
WT9,44,46,0.0923
WT9,42,29,0.0606
WT9,40,32,0.0681
WT9,42,27,0.0509
WT9,40,28,0.0505
WT9,39,25,0.0431
WT9,41,30,0.0567
WT9,41,24,0.05
WT9,43,31,0.051
WT9,39,26,0.0433
WT9,38,23,0.0382
WT9,41,26,0.0447
WT9,41,30,0.0525
WT66,32,20,0.0241
WT66,33,21,0.0421
WT66,35,28,0.0545
WT66,34,28,0.0478
WT66,36,35,0.0717
WT66,34,31,0.0434
WT66,36,31,0.0622
WT66,38,30,0.0807
WT66,30,19,0.0317
WT66,30,19,0.0266
WT66,32,20,0.0321
WT66,37,37,0.0808
WT66,31,17,0.0182
WT66,31,20,0.0303
WT66,30,26,0.027
WT66,32,25,0.0344
WT66,36,37,0.089
WT66,31,23,0.0334
WT66,34,25,0.0456
WT66,31,23,0.0344
WT68,40,28,0.0862
WT68,38,26,0.0943
WT68,40,30,0.1075
WT68,41,28,0.0895
WT68,42,30,0.1149
WT68,43,28,0.0913
WT68,41,26,0.0987
WT68,42,28,0.0805
WT68,40,26,0.0733
WT68,39,25,0.073
WT68,42,29,0.1006
WT68,42,27,0.0966
WT68,41,29,0.1035
WT68,41,30,0.1112
WT68,42,29,0.1138
WT68,41,28,0.1167
WT68,41,32,0.1367
WT68,38,25,0.0825
WT68,37,24,0.0233
WT68,33,18,0.0726
WT3,19,11,0.0036
WT3,22,12,0.0081
WT3,22,13,0.0093
WT3,23,15,0.01
WT3,24,13,0.0092
WT3,22,12,0.0058
WT3,23,13,0.0065
WT3,23,16,0.0075
WT3,19,11,0.006
WT3,21,11,0.0038
WT3,23,13,0.0071
WT3,22,12,0.0059
WT3,23,14,0.008
WT3,19,10,0.0031
WT3,22,12,0.007
WT3,19,11,0.0038
WT3,22,11,0.005
WT3,24,19,0.0113
WT3,19,11,0.0037
WT3,23,12,0.0064
WT24,19,10,0.0032
WT24,19,10,0.0033
WT24,18,9,0.0026
WT24,19,9,0.003
WT24,19,10,0.0038
WT24,18,9,0.003
WT24,19,10,0.0034
WT24,19,9,0.0031
WT24,19,9,0.0019
WT24,19,9,0.0023
WT24,19,9,0.0031
WT24,19,9,0.0026
WT24,19,9,0.0029
WT24,19,10,0.0034
WT24,19,9,0.0029
WT24,19,10,0.003
WT24,19,10,0.0034
WT24,19,9,0.0035
WT24,19,10,0.0036
WT24,19,9,0.0026
WT59,32,25,0.0361
WT59,34,27,0.0417
WT59,35,32,0.0489
WT59,33,28,0.0368
WT59,33,30,0.0459
WT59,34,35,0.0499
WT59,33,29,0.0318
WT59,33,29,0.0381
WT59,31,23,0.027
WT59,34,32,0.0445
WT59,36,30,0.0488
WT59,34,33,0.0426
WT59,34,31,0.0435
WT59,27,17,0.0141
WT59,33,24,0.03
WT59,35,35,0.0564
WT59,34,32,0.0481
WT59,34,34,0.0448
WT59,34,29,0.0364
WT59,35,29,0.0391
WT61,37,25,0.056
WT61,39,22,0.0416
WT61,38,24,0.0353
WT61,37,28,0.0471
WT61,39,26,0.0593
WT61,40,25,0.0564
WT61,37,26,0.0492
WT61,39,25,0.0544
WT61,38,24,0.0455
WT61,35,22,0.046
WT61,40,28,0.072
WT61,40,23,0.0426
WT61,38,23,0.049
WT61,36,21,0.031
WT61,36,25,0.0412
WT61,38,25,0.0449
WT61,41,24,0.0466
WT61,38,24,0.0486
WT61,40,23,0.0382
WT61,38,23,0.0362
WT50,28,23,0.0158
WT50,27,15,0.0096
WT50,26,16,0.0152
WT50,31,18,0.0283
WT50,27,19,0.0143
WT50,27,16,0.0119
WT50,29,28,0.0248
WT50,27,19,0.0133
WT50,29,23,0.0284
WT50,29,21,0.0199
WT50,26,16,0.0138
WT50,26,16,0.0116
WT50,31,29,0.0282
WT50,28,17,0.0128
WT50,29,16,0.023
WT50,28,16,0.0189
WT50,29,17,0.0175
WT50,31,18,0.0255
WT50,28,19,0.0124
WT50,28,19,0.0151
WT51,33,21,0.029
WT51,33,21,0.03
WT51,30,21,0.0216
WT51,31,17,0.0206
WT51,36,26,0.0428
WT51,31,21,0.0291
WT51,34,24,0.0368
WT51,31,19,0.0231
WT51,33,21,0.025
WT51,32,20,0.0251
WT51,31,20,0.0222
WT51,35,25,0.042
WT51,32,22,0.0278
WT51,34,27,0.0434
WT51,29,15,0.0134
WT51,29,15,0.0192
WT51,34,22,0.0339
WT51,33,25,0.0375
WT51,33,24,0.0332
WT51,30,15,0.0165
WT39,36,17,0.0185
WT39,36,17,0.0202
WT39,35,16,0.0168
WT39,33,15,0.0083
WT39,37,17,0.0169
WT39,35,16,0.0161
WT39,35,15,0.0137
WT39,33,17,0.0153
WT39,35,18,0.0188
WT39,34,17,0.018
WT39,35,18,0.0265
WT39,37,14,0.006
WT39,36,18,0.02
WT39,37,14,0.0171
WT39,35,16,0.0133
WT39,34,17,0.0165
WT39,35,17,0.0169
WT39,33,15,0.0108
WT39,34,15,0.0104
WT39,35,17,0.0137
WT40,31,16,0.018
WT40,33,18,0.0224
WT40,32,16,0.0133
WT40,34,17,0.0191
WT40,33,16,0.0166
WT40,35,17,0.017
WT40,37,19,0.0294
WT40,31,15,0.0144
WT40,35,20,0.027
WT40,35,19,0.0241
WT40,33,17,0.02
WT40,34,18,0.0217
WT40,35,20,0.0267
WT40,34,18,0.0186
WT40,37,19,0.0373
WT40,36,19,0.0301
WT40,33,20,0.0283
WT40,32,17,0.019
WT40,35,19,0.0267
WT40,35,20,0.0318
WT78,36,29,0.05
WT78,35,29,0.045
WT78,33,34,0.0445
WT78,35,33,0.0551
WT78,33,32,0.0494
WT78,35,28,0.0516
WT78,34,28,0.0539
WT78,34,27,0.0449
WT78,37,38,0.0617
WT78,35,27,0.0441
WT78,35,28,0.0496
WT78,32,25,0.0389
WT78,34,32,0.0454
WT78,35,29,0.0501
WT78,37,42,0.0628
WT78,36,26,0.0548
WT78,35,25,0.0471
WT78,36,23,0.0492
WT78,35,27,0.0509
WT78,34,38,0.0532
WT9,40,24,0.0469
WT9,37,28,0.0433
WT9,37,28,0.0436
WT9,38,25,0.0512
WT9,38,26,0.0582
WT9,38,25,0.0416
WT9,37,23,0.0417
WT9,34,25,0.036
WT9,36,27,0.0483
WT9,39,29,0.0676
WT41,33,14,0.0181
WT41,32,13,0.0118
WT41,30,15,0.0192
WT41,30,13,0.0251
WT41,30,14,0.0232
WT41,32,14,0.0139
WT41,33,15,0.0176
WT41,36,20,0.0222
WT41,31,14,0.0172
WT41,32,17,0.0168
WT64,34,22,0.0321
WT64,32,21,0.0203
WT64,35,28,0.0392
WT64,31,26,0.0255
WT64,32,25,0.0246
WT64,36,29,0.0421
WT64,33,25,0.0343
WT64,31,21,0.026
WT64,35,22,0.0381
WT64,33,25,0.0391
WT64,29,21,0.0211
WT64,32,26,0.0355
WT64,33,23,0.0316
WT64,28,15,0.018
WT64,37,38,0.0597
WT64,28,21,0.0249
WT64,33,21,0.0403
WT64,34,21,0.0256
WT64,33,21,0.0281
WT64,33,26,0.0284
WT65,32,20,0.0279
WT65,29,19,0.0199
WT65,29,19,0.0194
WT65,32,21,0.0318
WT65,30,21,0.0246
WT65,28,15,0.0162
WT65,28,19,0.0201
WT65,28,18,0.0218
WT65,29,25,0.0249
WT65,29,23,0.0264
WT65,29,25,0.0261
WT65,29,18,0.0225
WT65,29,21,0.032
WT65,29,17,0.0223
WT65,32,20,0.0345
WT65,29,20,0.0266
WT65,29,21,0.0249
WT65,30,23,0.0277
WT65,30,20,0.022
WT65,31,18,0.0146
WT17,31,15,0.0128
WT17,32,14,0.012
WT17,31,22,0.0189
WT17,NA,NA,NA
WT17,32,18,0.0171
WT17,29,17,0.0087
WT17,31,20,0.0185
WT17,31,16,0.0157
WT17,29,14,0.0103
WT17,29,19,0.0136
WT17,31,16,0.0092
WT17,32,21,0.0147
WT17,32,20,0.0189
WT17,33,20,0.0228
WT17,29,17,0.0151
WT17,30,16,0.0158
WT17,29,15,0.0097
WT17,NA,NA,NA
WT17,31,17,0.0156
WT17,30,16,0.0132
WT18,23,13,0.0076
WT18,23,12,0.0053
WT18,24,13,0.0056
WT18,23,13,0.0071
WT18,NA,NA,NA
WT18,24,15,0.008
WT18,24,13,0.0059
WT18,24,12,0.0069
WT18,NA,NA,NA
WT18,NA,NA,NA
WT18,24,15,0.0077
WT18,23,14,0.0066
WT18,26,13,0.0085
WT18,NA,NA,NA
WT18,23,13,0.0063
WT18,23,12,0.0062
WT18,25,13,0.0062
WT18,23,14,0.0045
WT18,25,13,0.007
WT18,23,12,0.0049
WT55,25,12,0.0063
WT55,NA,NA,NA
WT55,28,13,0.0091
WT55,28,14,0.0112
WT55,25,12,0.0055
WT55,27,14,0.0086
WT55,27,13,0.0062
WT55,25,13,0.0065
WT55,25,12,0.0068
WT55,25,12,0.0058
WT55,29,14,0.0133
WT55,28,13,0.011
WT55,27,14,0.0104
WT55,26,12,0.0085
WT55,26,12,0.005
WT55,25,13,0.0082
WT55,27,13,0.0115
WT55,NA,NA,NA
WT55,28,13,0.0115
WT55,NA,NA,NA
WT56,19,10,0.003
WT56,19,9,0.0032
WT56,19,10,0.0031
WT56,18,10,0.0044
WT56,19,10,0.003
WT56,19,10,0.0041
WT56,18,9,0.0036
WT56,19,10,0.0028
WT56,19,10,0.0032
WT56,19,10,0.003
WT56,19,10,0.0031
WT56,19,11,0.0037
WT56,19,9,0.0023
WT56,18,9,0.0043
WT56,19,10,0.0033
WT56,18,10,0.004
WT56,19,9,0.0029
WT56,19,10,0.003
WT56,19,11,0.0036
WT56,19,9,0.003
WT11,24,14,0.0105
WT11,29,26,0.0277
WT11,26,15,0.0141
WT11,27,23,0.0185
WT11,24,17,0.0133
WT11,27,22,0.0177
WT11,28,24,0.0212
WT11,28,21,0.0191
WT11,27,20,0.0147
WT11,27,21,0.0191
WT11,25,17,0.0154
WT11,28,22,0.0216
WT11,26,16,0.0152
WT11,28,24,0.0222
WT11,27,21,0.0171
WT11,27,20,0.0175
WT11,28,21,0.0189
WT11,27,22,0.0185
WT11,29,25,0.0229
WT11,26,16,0.0157
WT12,26,16,0.0172
WT12,24,20,0.013
WT12,24,14,0.0078
WT12,25,14,0.0101
WT12,24,16,0.0114
WT12,27,23,0.0162
WT12,24,17,0.0136
WT12,25,14,0.0092
WT12,26,11,0.0151
WT12,23,14,0.0089
WT12,23,17,0.0119
WT12,25,15,0.0139
WT12,24,20,0.014
WT12,25,15,0.0129
WT12,24,20,0.0136
WT12,27,24,0.0184
WT12,24,19,0.014
WT12,23,17,0.0121
WT12,25,15,0.0096
WT12,26,17,0.0157
WT69,27,20,0.0177
WT69,27,21,0.0137
WT69,27,24,0.0189
WT69,29,22,0.0218
WT69,30,22,0.0165
WT69,28,23,0.0212
WT69,27,21,0.0153
WT69,28,19,0.0176
WT69,29,19,0.0181
WT69,27,19,0.0151
WT69,29,20,0.0203
WT69,28,20,0.0196
WT69,28,25,0.0222
WT69,28,21,0.0148
WT69,29,20,0.0215
WT69,25,15,0.0128
WT69,26,15,0.0121
WT69,27,19,0.0155
WT69,27,20,0.0156
WT69,26,17,0.0143
WT71,28,17,0.0251
WT71,29,16,0.0223
WT71,30,23,0.026
WT71,28,17,0.0195
WT71,29,19,0.0335
WT71,30,19,0.026
WT71,30,16,0.0232
WT71,28,18,0.0204
WT71,28,19,0.0211
WT71,28,18,0.0202
WT71,29,18,0.0255
WT71,28,15,0.0155
WT71,29,22,0.031
WT71,29,17,0.023
WT71,30,24,0.0309
WT71,29,18,0.0186
WT71,28,14,0.017
WT71,30,19,0.0205
WT71,28,20,0.0211
WT71,29,16,0.0216
WT41,34,16,0.0182
WT41,32,15,0.0174
WT41,35,17,0.019
WT41,33,15,0.0117
WT41,33,18,0.0122
WT41,38,24,0.0461
WT41,36,19,0.0317
WT41,29,15,0.0161
WT41,37,29,0.0371
WT41,37,19,0.0328
WT41,36,20,0.0392
WT41,32,15,0.0218
WT41,32,13,0.0093
WT41,32,14,0.0198
WT41,32,12,0.0093
WT41,34,19,0.0284
WT41,37,24,0.0488
WT41,32,16,0.0217
WT41,30,13,0.0125
WT41,35,15,0.0186
WT42,29,15,0.0139
WT42,32,16,0.0185
WT42,31,19,0.0205
WT42,30,18,0.0155
WT42,31,24,0.0193
WT42,30,17,0.0185
WT42,31,20,0.0202
WT42,31,17,0.0141
WT42,30,20,0.0237
WT42,30,14,0.0135
WT42,33,19,0.0233
WT42,31,18,0.0161
WT42,31,15,0.0156
WT42,33,28,0.0317
WT42,30,17,0.0181
WT42,30,18,0.0153
WT42,32,21,0.0224
WT42,32,18,0.0155
WT42,33,26,0.0172
WT42,31,16,0.0165
WT4,29,26,0.0202
WT4,29,30,0.0251
WT4,29,18,0.0135
WT4,28,17,0.0118
WT4,27,19,0.0122
WT4,28,22,0.013
WT4,28,18,0.0125
WT4,28,22,0.0139
WT4,27,20,0.0129
WT4,29,19,0.0176
WT4,29,22,0.0158
WT4,30,26,0.0273
WT4,31,29,0.028
WT4,28,23,0.0171
WT4,28,19,0.0132
WT4,28,20,0.0128
WT4,27,21,0.0136
WT4,27,19,0.0126
WT4,28,19,0.0138
WT4,30,25,0.0218
WT5,28,20,0.0141
WT5,29,23,0.0177
WT5,28,22,0.0162
WT5,29,18,0.0143
WT5,28,21,0.0162
WT5,28,21,0.0159
WT5,30,25,0.026
WT5,28,18,0.0142
WT5,27,21,0.0134
WT5,30,26,0.025
WT5,29,20,0.018
WT5,28,22,0.0175
WT5,27,20,0.0145
WT5,27,21,0.0134
WT5,29,22,0.0212
WT5,28,24,0.0163
WT5,30,23,0.0259
WT5,25,16,0.0126
WT5,28,26,0.0199
WT5,29,17,0.0126
WT21,19,9,0.0011
WT21,19,9,0.0025
WT21,19,9,0.0022
WT21,19,9,0.0016
WT21,19,10,0.002
WT21,19,10,0.0021
WT21,19,10,0.0018
WT21,19,10,0.0021
WT21,19,10,0.0025
WT21,19,10,0.0027
WT47,29,14,0.0141
WT47,31,19,0.0239
WT47,35,25,0.0342
WT47,29,16,0.0229
WT47,28,12,0.0215
WT47,32,23,0.0253
WT47,32,17,0.0225
WT47,35,24,0.0354
WT47,30,16,0.0163
WT47,29,15,0.0147
WT56,19,9,0.0019
WT56,19,8,0.0015
WT56,19,9,0.0031
WT56,24,12,0.005
WT56,19,10,0.003
WT56,19,10,0.0029
WT56,19,9,0.0023
WT56,19,10,0.0023
WT56,19,9,0.0026
WT56,19,9,0.0017
WT62,31,31,0.0367
WT62,32,26,0.0269
WT62,30,27,0.0215
WT62,31,28,0.0302
WT62,30,34,0.0408
WT62,29,22,0.0225
WT62,32,30,0.0332
WT62,27,17,0.0123
WT62,31,27,0.0326
WT62,31,33,0.03
WT57,22,12,0.0045
WT57,23,12,0.006
WT57,22,11,0.0058
WT57,21,11,NA
WT57,23,16,0.0086
WT57,22,14,0.0066
WT57,22,14,0.0068
WT57,22,13,0.0069
WT57,22,14,0.006
WT57,22,12,0.0055
WT57,22,13,0.006
WT57,23,13,0.0071
WT57,22,12,0.0056
WT57,23,12,0.0072
WT57,20,10,0.0032
WT57,24,14,0.0082
WT57,22,12,0.0054
WT57,23,12,0.062
WT57,23,14,0.0064
WT57,22,13,0.0056
WT58,27,16,0.0137
WT58,27,14,0.0155
WT58,28,13,0.0113
WT58,26,14,0.0105
WT58,27,17,0.0115
WT58,29,20,0.0211
WT58,25,14,0.0077
WT58,27,13,0.0084
WT58,26,14,0.0103
WT58,27,13,0.0113
WT58,28,19,0.016
WT58,26,14,0.099
WT58,26,14,0.0104
WT58,27,18,0.014
WT58,29,20,0.0213
WT58,28,13,0.0083
WT58,27,16,0.0165
WT58,29,17,0.0159
WT58,29,16,0.0138
WT58,28,15,0.0105
WT23,28,18,0.0144
WT23,27,17,0.0118
WT23,28,23,0.0187
WT23,28,21,0.0181
WT23,27,20,0.0172
WT23,24,14,0.0082
WT23,23,11,0.0046
WT23,22,12,0.0055
WT23,26,14,0.0094
WT23,26,15,0.0128
WT23,23,13,0.0065
WT23,27,15,0.0125
WT23,28,16,0.0128
WT23,23,12,0.0048
WT23,25,12,0.007
WT23,26,14,0.0082
WT23,25,12,0.0052
WT23,23,14,0.0067
WT23,26,12,0.0076
WT23,26,13,0.0084
WT25,30,24,0.0281
WT25,31,26,0.0241
WT25,32,18,0.024
WT25,31,28,0.0271
WT25,31,27,0.0302
WT25,31,26,0.0253
WT25,31,25,0.024
WT25,31,25,0.0261
WT25,31,24,0.0264
WT25,31,23,0.0218
WT25,33,29,0.0326
WT25,31,27,0.0262
WT25,30,25,0.0245
WT25,32,23,0.0248
WT25,32,29,0.0343
WT25,31,24,0.0202
WT25,32,24,0.0221
WT25,29,22,0.0235
WT25,33,28,0.0311
WT25,33,30,0.0303
