"","varmx_sd_PC1_LDLDpre","varmx_sd_PC1_LDLDpost","varmx_sd_PC2_LDLDpre","varmx_sd_PC2_LDLDpost","varmx_sd_PC1_LDLDpre_vel","varmx_sd_PC1_LDLDpost_vel","varmx_sd_PC2_LDLDpre_vel","varmx_sd_PC2_LDLDpost_vel","varmx_sd_PC1_LDLDpre_acc","varmx_sd_PC1_LDLDpost_acc","varmx_sd_PC2_LDLDpre_acc","varmx_sd_PC2_LDLDpost_acc","varmx_PC1_movement_acc_sd_LDLD","varmx_PC2_movement_acc_sd_LDLD","varmx_PC1_movement_ori_sd_LDLD","varmx_PC2_movement_ori_sd_LDLD","varmx_PC1_movement_vel_sd_LDLD","varmx_PC2_movement_vel_sd_LDLD","varmx_PC1_movement_ori_sd_absLDLD","varmx_PC2_movement_ori_sd_absLDLD","varmx_PC1_movement_vel_sd_absLDLD","varmx_PC2_movement_vel_sd_absLDLD","varmx_PC1_movement_acc_sd_absLDLD","varmx_PC2_movement_acc_sd_absLDLD","varmx_distances_ori_sdLDLD","varmx_distances_vel_sdLDLD","varmx_distances_acc_sdLDLD"
"WxT_1.",0.0692658130213804,0.161110525288064,-0.0347792978331201,-0.0229651711968486,-0.00270737768257583,-0.00765636265798475,0.0357569337063859,0.0192295607301585,-0.00397856235926907,-0.00021557205992786,-0.00845460512994508,-0.00482386099862152,-0.00376299029934121,-0.00363074413132356,-0.0918447122666841,-0.0118141266362715,0.00494898497540892,0.0165273729762274,0.0918447122666841,0.0118141266362715,0.00494898497540892,0.0165273729762274,0.00376299029934121,0.00363074413132356,0.0926014295760484,0.0172524348943027,0.00522899597820427
"WxT_10.",0.158292654971298,0.209894197212631,-0.194900623248838,-0.0834277086021007,-0.0214774028303257,-0.00439457769891676,-0.0040501342010267,0.0072498265928295,0.0044794269566207,9.1893623066645e-05,-0.00470003384249825,-0.00226199306100097,0.00438753333355406,-0.00243804078149727,-0.0516015422413333,-0.111472914646738,-0.017082825131409,-0.0112999607938562,0.0516015422413333,0.111472914646738,0.017082825131409,0.0112999607938562,0.00438753333355406,0.00243804078149727,0.12283700526113,0.0204819927842235,0.0050194114799737
"WxT_11.",0.148710913784129,0.215153961583192,-0.0692767708485654,-0.0486702241039681,0.00535240458974876,0.00234412940789475,0.0197812523745293,0.00122131351344045,-0.00813164093851573,0.000320617663848155,0.00461272665022517,0.00316557548627262,-0.00845225860236389,0.00144715116395256,-0.0664430477990631,-0.0206065467445973,0.00300827518185401,0.0185599388610888,0.0664430477990631,0.0206065467445973,0.00300827518185401,0.0185599388610888,0.00845225860236389,0.00144715116395256,0.069565137601861,0.0188021554641247,0.00857525054867574
"WxT_12.",0.199901871465902,0.227467565751258,-0.0875581135770347,-0.0838671390343114,-0.00490937466772477,-0.00523080740621367,0.0171620121586696,0.00701791891897393,-0.00486409982390176,0.00851945091753273,-0.00567451276162152,-0.000467053902402604,-0.0133835507414345,-0.00520745885921891,-0.0275656942853565,-0.00369097454272331,0.000321432738488894,0.0101440932396957,0.0275656942853565,0.00369097454272331,0.000321432738488894,0.0101440932396957,0.0133835507414345,0.00520745885921891,0.0278117024741163,0.0101491845318238,0.0143609560342969
"WxT_13.",0.193994056619129,0.191106934691622,-0.13579002842555,-0.0887753323275628,-0.0175511115200758,0.0176192428322214,0.0327686700144278,-0.000251873293563303,-0.00183209030072037,0.000553900649990976,-0.019269322509559,0.000654797751141713,-0.00238599095071135,-0.0199241202607007,0.00288712192750668,-0.0470146960979873,-0.0351703543522972,0.0330205433079911,0.00288712192750668,0.0470146960979873,0.0351703543522972,0.0330205433079911,0.00238599095071135,0.0199241202607007,0.0471032602078709,0.0482422025370014,0.0200664775429007
"WxT_14.",0.205245251174843,0.180862635392904,-0.0977579526357467,-0.0683549347438683,-0.00888426919047298,-0.00678307374813283,0.034022282928618,0.00796885167128924,-0.00416448478109962,0.00380305050692922,-0.00799806098328081,-0.0067153228059326,-0.00796753528802884,-0.0012827381773482,0.024382615781939,-0.0294030178918784,-0.00210119544234015,0.0260534312573288,0.024382615781939,0.0294030178918784,0.00210119544234015,0.0260534312573288,0.00796753528802884,0.0012827381773482,0.0381975053311049,0.0261380240754206,0.00807013232838294
"WxT_15.",0.196286998292378,0.140708335175193,-0.0510263658703029,-0.052168001634025,-0.0177129430331094,0.00876196462846424,0.00993968848185324,0.0244546471892199,-0.000869608330410682,-0.00381991779333045,-0.00802598733360098,-0.00489962934599569,0.00295030946291977,-0.00312635798760529,0.0555786631171847,0.00114163576372211,-0.0264749076615736,-0.0145149587073666,0.0555786631171847,0.00114163576372211,0.0264749076615736,0.0145149587073666,0.00295030946291977,0.00312635798760529,0.0555903869937107,0.0301927932123778,0.0042986556263159
"WxT_16.",0.20649186042015,0.244887242236567,-0.129897230991799,-0.094595621422551,-0.0171018749537594,-0.00483959638116564,-0.00202388697342603,-0.0032883918699723,0.00393366100991109,0.00684227655665886,-0.00852821758058144,-0.00144765140948658,-0.00290861554674777,-0.00708056617109486,-0.0383953818164168,-0.035301609569248,-0.0122622785725938,0.00126450489654627,0.0383953818164168,0.035301609569248,0.0122622785725938,0.00126450489654627,0.00290861554674777,0.00708056617109486,0.0521575400398452,0.0123273049944131,0.00765470193423857
"WxT_17.",0.237667701148536,0.182886924585859,-0.111858703050012,-0.0896242646449317,-0.0161982059462662,0.000214920866953654,0.0119148725501359,0.0163457613731678,-0.000527438601102462,0.000906675575587297,-0.00446732541905755,0.00103924103788766,-0.00143411417668976,-0.00550656645694521,0.0547807765626764,-0.0222344384050806,-0.0164131268132199,-0.00443088882303183,0.0547807765626764,0.0222344384050806,0.0164131268132199,0.00443088882303183,0.00143411417668976,0.00550656645694521,0.0591210937990765,0.017000691384438,0.00569025110311809
"WxT_18.",0.0994294164465902,0.0864982268587227,-0.0470733861312791,-0.0559279950837641,0.00693327843345757,-0.0119490065940395,0.000178474123809057,0.0041770371425241,0.00051103521633677,0.00402790178368242,0.00605219245092921,-0.00402887501174012,-0.00351686656734565,0.0100810674626693,0.0129311895878676,0.00885460895248508,0.0188822850274971,-0.00399856301871505,0.0129311895878676,0.00885460895248508,0.0188822850274971,0.00399856301871505,0.00351686656734565,0.0100810674626693,0.0156722609683097,0.0193010153638164,0.010676903654122
"WxT_19.",0.199305645723658,0.126385368325081,-0.123349419545512,-0.0890440757366706,-0.00710693397315145,-0.0021833660194703,0.00780537953348804,0.000822597115618716,0.00152536457490151,0.00043829186447336,-0.00184690621559543,0.000607291160791844,0.00108707271042815,-0.00245419737638727,0.0729202773985765,-0.0343053438088417,-0.00492356795368114,0.00698278241786932,0.0729202773985765,0.0343053438088417,0.00492356795368114,0.00698278241786932,0.00108707271042815,0.00245419737638727,0.0805867450002057,0.00854404890492914,0.00268417805669143
"WxT_21.",0.153977071731563,0.200782245890594,-0.0592567614922255,-0.087936512040345,-0.00681975858501776,-0.00345479518631169,0.018557092405075,-0.000309164442464387,-0.00256659698417563,0.000511020220040877,-0.00829201432046704,4.85787778180084e-06,-0.00307761720421651,-0.00829687219824884,-0.0468051741590317,0.0286797505481195,-0.00336496339870607,0.0188662568475394,0.0468051741590317,0.0286797505481195,0.00336496339870607,0.0188662568475394,0.00307761720421651,0.00829687219824884,0.0548930999266724,0.0191639929584614,0.0088492833568467
"WxT_22.",0.163096840104771,0.208693325921168,-0.0676555961770235,-0.0522506575530682,-0.0102772865687121,0.00153801086069621,0.0172699343877471,0.0144306920353937,0.0028153888293014,-0.00167834244906449,-0.0047512082427968,-0.00259263150342889,0.00449373127836589,-0.00215857673936791,-0.0455964858163975,-0.0154049386239553,-0.0118152974294083,0.00283924235235343,0.0455964858163975,0.0154049386239553,0.0118152974294083,0.00283924235235343,0.00449373127836589,0.00215857673936791,0.0481284910714306,0.0121516480561601,0.00498528578337332
"WxT_23.",0.178543488231922,0.223293882468106,-0.112811439744606,-0.0711725932631511,-0.00509911085656733,-0.00701736515224814,0.0144081065705682,0.00986675170926905,-0.00211242226503503,-0.00319398947434785,-0.00370128906562192,-0.0051036015547304,0.00108156720931283,0.00140231248910847,-0.0447503942361835,-0.041638846481455,0.00191825429568082,0.00454135486129912,0.0447503942361835,0.041638846481455,0.00191825429568082,0.00454135486129912,0.00108156720931283,0.00140231248910847,0.0611260281762199,0.00492986850931574,0.00177095114144076
"WxT_24.",0.167889895982736,0.201399033624974,-0.114207192012861,-0.102662797409102,-0.00935603801016018,-0.0138325352155552,0.00933605644613791,0.00628071454765381,0.00410265333100155,0.00689678215703991,0.000725434274201594,-0.00454101808450376,-0.00279412882603835,0.00526645235870535,-0.0335091376422387,-0.0115443946037595,0.00447649720539497,0.0030553418984841,0.0335091376422387,0.0115443946037595,0.00447649720539497,0.0030553418984841,0.00279412882603835,0.00526645235870535,0.0354419998348543,0.00541979163312958,0.00596176788738136
"WxT_25.",0.231345189470386,0.245000286880142,-0.148224087093796,-0.117553082936411,-0.0115062325522287,0.00652634362143007,0.00944625850771178,-0.00767462703516551,-0.000287837377695843,-0.00103507433774786,-0.0056825388256792,0.00406476433548794,0.000747236960052018,-0.00974730316116715,-0.0136550974097558,-0.0306710041573846,-0.0180325761736588,0.0171208855428773,0.0136550974097558,0.0306710041573846,0.0180325761736588,0.0171208855428773,0.000747236960052018,0.00974730316116715,0.0335733850139098,0.0248656092873493,0.00977590312913169
"WxT_26.",0.132610275790731,0.151847980416546,-0.090260435108863,-0.0918682552494602,-0.0099235490820606,-0.00591500031827391,0.025543321476205,0.00916326772837136,0.000624683944034385,0.000563952748152911,-0.00611112558005345,-0.00359798030804086,6.07311958814735e-05,-0.00251314527201259,-0.0192377046258145,0.0016078201405972,-0.00400854876378669,0.0163800537478336,0.0192377046258145,0.0016078201405972,0.00400854876378669,0.0163800537478336,6.07311958814735e-05,0.00251314527201259,0.0193047757012247,0.0168634108048631,0.00251387896216035
"WxT_27.",0.199871928384526,0.200493513271478,-0.0850637252950998,-0.0947751513460006,-0.0044952258559398,-0.00556177365309356,0.00684694199873843,0.00397347698158166,0.000128037744384807,0.00540519651176668,-0.00380182615919085,-0.00263235848415364,-0.00527715876738187,-0.00116946767503721,-0.000621584886952575,0.00971142605090076,0.00106654779715375,0.00287346501715677,0.000621584886952575,0.00971142605090076,0.00106654779715375,0.00287346501715677,0.00527715876738187,0.00116946767503721,0.0097312981515213,0.00306501637979918,0.00540518818350594
"WxT_28.",0.146791993434908,0.166810099798834,-0.0854773255123255,-0.0896753147916582,-0.00294213706698026,-0.00704749944775873,-0.00244194641266322,0.000203046191071952,0.00073116624109174,0.00338810167263034,0.000972058954352779,0.00018482390553773,-0.0026569354315386,0.000787235048815049,-0.0200181063639262,0.00419798927933274,0.00410536238077847,-0.00264499260373518,0.0200181063639262,0.00419798927933274,0.00410536238077847,0.00264499260373518,0.0026569354315386,0.000787235048815049,0.0204535497258265,0.00488364476096745,0.00277110896744391
"WxT_29.",0.147423959005925,0.202097734082177,-0.117286183739239,-0.0697694705807484,-0.0194293305479779,-0.0122059278145543,0.00624867836219398,0.0126421073828475,0.00277434604099389,0.00318045529933911,-0.00797859383590867,-0.00471781434843413,-0.000406109258345226,-0.00326077948747454,-0.0546737750762516,-0.0475167131584911,-0.0072234027334236,-0.00639342902065355,0.0546737750762516,0.0475167131584911,0.0072234027334236,0.00639342902065355,0.000406109258345226,0.00326077948747454,0.0724365909639242,0.00964642325897877,0.00328597133214038
"WxT_3.",0.176983425165785,0.17188537951866,-0.0603192731946249,-0.0787847416340776,-0.0111039661301108,-0.0178884268545824,0.00579527287738683,0.0211199707424548,-0.00601546953173635,-0.00416878142508931,-0.00383444852119347,-0.0149487361370969,-0.00184668810664704,0.0111142876159034,0.0050980456471249,0.0184654684394527,0.00678446072447159,-0.0153246978650679,0.0050980456471249,0.0184654684394527,0.00678446072447159,0.0153246978650679,0.00184668810664704,0.0111142876159034,0.0191562938510713,0.0167593338763065,0.0112666608261834
"WxT_30.",0.202695704004865,0.124706336412314,-0.0860070173919052,-0.0756073793971327,-0.00559524087022399,-0.00465501261372885,0.00978531425251762,0.000543738864772436,-0.0050605438775163,0.000337047814234889,-0.000634856040404257,-0.000548794820422593,-0.00539759169175119,-8.60612199816643e-05,0.0779893675925514,-0.0103996379947726,-0.000940228256495141,0.00924157538774518,0.0779893675925514,0.0103996379947726,0.000940228256495141,0.00924157538774518,0.00539759169175119,8.60612199816643e-05,0.0786796919662782,0.0092892811789551,0.00539827774428532
"WxT_31.",0.196322739732764,0.205832716082879,-0.0786634088141807,-0.0913583539470926,-0.0110911104040428,-0.0167359400332316,0.0249774235324664,0.0078280533973734,-0.00363091578180425,0.0079573807219379,-0.0110448222696832,-0.00895151902895429,-0.0115882965037421,-0.00209330324072887,-0.00950997635011447,0.0126949451329119,0.0056448296291888,0.017149370135093,0.00950997635011447,0.0126949451329119,0.0056448296291888,0.017149370135093,0.0115882965037421,0.00209330324072887,0.0158619444617418,0.0180545007566808,0.0117758453758653
"WxT_34.",0.180071990238759,0.182060530699776,-0.0729951728056657,-0.0444544427348905,-0.00866589607345425,-0.0048998774249897,0.0394095153165329,0.00416887344157387,-0.00387204600583187,-0.00545003607949452,-0.0054536612390165,-0.00365107440206225,0.00157799007366265,-0.00180258683695425,-0.00198854046101654,-0.0285407300707752,-0.00376601864846455,0.035240641874959,0.00198854046101654,0.0285407300707752,0.00376601864846455,0.035240641874959,0.00157799007366265,0.00180258683695425,0.0286099207642725,0.0354412998663945,0.00239569864075985
"WxT_35.",0.251991214966454,0.219372042704152,-0.139979825338693,-0.0793641057791054,-0.00770579288349884,-0.00822592525043634,0.0291550181665012,0.0104218047572085,-0.00575573660998151,0.00558006314620245,-0.0151522347819072,-0.00597864732612657,-0.011335799756184,-0.00917358745578067,0.0326191722623019,-0.0606157195595874,0.000520132366937492,0.0187332134092927,0.0326191722623019,0.0606157195595874,0.000520132366937492,0.0187332134092927,0.011335799756184,0.00917358745578067,0.0688351353365727,0.0187404328209687,0.0145826973815257
"WxT_36.",0.202624505290981,0.202066689766132,-0.098001765534595,-0.0573494764547585,-0.0132235881553392,-0.00173043660641503,0.0230003300005271,0.0133709174130788,-0.00609920943601973,-0.00209325946812279,-0.00847516357446251,-0.00167988340015245,-0.00400594996789695,-0.00679528017431005,0.000557815524848487,-0.0406522890798365,-0.0114931515489242,0.00962941258744832,0.000557815524848487,0.0406522890798365,0.0114931515489242,0.00962941258744832,0.00400594996789695,0.00679528017431005,0.0406561159678388,0.0149939360844925,0.00788818532950797
"WxT_38.",0.16319387056484,0.153723468387748,-0.129870313173533,-0.124684597937008,-0.00906632760700388,-0.0216415430137262,-0.0116686004258917,0.00722905058198435,0.00430924094300097,0.0127309602397011,0.00303347115303942,-0.00608408961565901,-0.00842171929670008,0.00911756076869844,0.00947040217709269,-0.00518571523652439,0.0125752154067223,-0.018897651007876,0.00947040217709269,0.00518571523652439,0.0125752154067223,0.018897651007876,0.00842171929670008,0.00911756076869844,0.0107972292700583,0.0226992787581664,0.0124119003493953
"WxT_39.",0.143783682462551,0.161292802142075,-0.106984533715459,-0.0885297550129009,-0.00764202442769591,-0.00859708652079929,-0.00815121629288536,0.00328787944990244,0.00149822194900745,0.00261742128066058,0.00371534605042962,-0.00065563363841304,-0.00111919933165312,0.00437097968884266,-0.0175091196795235,-0.0184547787025583,0.000955062093103382,-0.0114390957427878,0.0175091196795235,0.0184547787025583,0.000955062093103382,0.0114390957427878,0.00111919933165312,0.00437097968884266,0.0254391062915402,0.0114788960712409,0.00451199186438184
"WxT_4.",0.128972957587907,0.213978059487821,-0.0816501990427442,-0.0948119650823572,-0.00231618470480559,-0.0134518241347891,-0.00987970757110047,-0.00165004935062922,0.00146207944203182,0.0093732315771827,0.00578748552524518,-0.000705131594491781,-0.00791115213515088,0.00649261711973696,-0.0850051018999142,0.013161766039613,0.0111356394299835,-0.00822965822047125,0.0850051018999142,0.013161766039613,0.0111356394299835,0.00822965822047125,0.00791115213515088,0.00649261711973696,0.0860180180793321,0.0138466508564481,0.0102342759963274
"WxT_40.",0.219278001712182,0.213929854035849,-0.103949193624869,-0.0948478399223747,-0.0118121808834882,-0.0151779289675332,0.0166837340415659,0.0115602108066026,0.00141211223271839,-0.000239475433975199,-0.00166824252339885,-0.00770690136925993,0.00165158766669359,0.00603865884586108,0.00534814767633213,-0.00910135370249399,0.00336574808404501,0.00512352323496332,0.00534814767633213,0.00910135370249399,0.00336574808404501,0.00512352323496332,0.00165158766669359,0.00603865884586108,0.010556387771665,0.00613015093651548,0.00626044267424203
"WxT_41.",0.242710580987881,0.173050771259028,-0.174906658807293,-0.0855315332721858,-0.023321906556637,-0.0132089379754663,0.00820644751962558,0.00996278788633541,-0.0014381136856209,-0.000296425793564488,-0.00561510311423507,-0.00947604609128237,-0.00114168789205641,0.0038609429770473,0.0696598097288525,-0.0893751255351069,-0.0101129685811707,-0.00175634036670983,0.0696598097288525,0.0893751255351069,0.0101129685811707,0.00175634036670983,0.00114168789205641,0.0038609429770473,0.113315498303966,0.0102643492247429,0.00402620564736566
"WxT_42.",0.141202538099845,0.155757487495895,-0.0896530113369359,-0.0825938475383077,-0.00780406774005622,-0.0131885576458421,0.00123793995387492,0.000942631436081605,0.00177899850622682,0.00409860181484278,-0.00368902688469921,-0.00505584495165814,-0.00231960330861596,0.00136681806695893,-0.0145549493960503,-0.00705916379862816,0.00538448990578583,0.000295308517793319,0.0145549493960503,0.00705916379862816,0.00538448990578583,0.000295308517793319,0.00231960330861596,0.00136681806695893,0.0161764750628017,0.00539258181821943,0.00269235048563657
"WxT_44.",0.214766810476861,0.234662619630377,-0.0825235842859804,-0.0870643511448546,-0.0116891164275297,-0.00406346261880423,0.0241927680441013,0.00933345030540002,-0.00175841243611105,-0.00184340667210903,-0.00870219639149113,-0.0035613822393448,8.49942359979745e-05,-0.00514081415214633,-0.0198958091535159,0.00454076685887427,-0.00762565380872546,0.0148593177387013,0.0198958091535159,0.00454076685887427,0.00762565380872546,0.0148593177387013,8.49942359979745e-05,0.00514081415214633,0.0204073953639307,0.0167017939057519,0.00514151671854335
"WxT_45.",0.167530117940584,0.145225432657265,-0.0670162472714227,-0.0702511041503745,-0.00589090506749877,-0.00773894488994107,0.0165642511956434,0.0142133252038953,0.000588653244771627,0.00148754525677147,-0.00233968493937903,-0.00808869530929345,-0.000898892011999847,0.00574901036991442,0.0223046852833191,0.00323485687895174,0.0018480398224423,0.00235092599174806,0.0223046852833191,0.00323485687895174,0.0018480398224423,0.00235092599174806,0.000898892011999847,0.00574901036991442,0.0225380408335598,0.00299033513239055,0.00581885960327456
"WxT_46.",0.17794252799245,0.229899664297898,-0.0610797992596123,-0.0987386978159222,-0.00494911000042785,-0.0114047179464696,0.00971226071048726,0.0171020200047439,0.00123907314130466,0.00265395395854067,-0.004796096548019,-0.00397510442507328,-0.00141488081723602,-0.000820992122945715,-0.0519571363054482,0.0376588985563099,0.00645560794604177,-0.00738975929425665,0.0519571363054482,0.0376588985563099,0.00645560794604177,0.00738975929425665,0.00141488081723602,0.000820992122945715,0.0641695929045632,0.00981241134380588,0.00163582266548712
"WxT_47.",0.142839908697197,0.115587663026751,-0.108418902686427,-0.0493286042480297,-0.00786080708142639,0.00312010009544829,0.046271890877858,0.00130944859310921,-0.00998746111812901,0.00121193037694794,-0.0128370677608166,-0.00184568564712995,-0.011199391495077,-0.0109913821136867,0.0272522456704461,-0.0590902984383972,-0.0109809071768747,0.0449624422847488,0.0272522456704461,0.0590902984383972,0.0109809071768747,0.0449624422847488,0.011199391495077,0.0109913821136867,0.0650718699871242,0.0462839231119889,0.0156919358470863
"WxT_48.",0.151259812660192,0.156720119054209,-0.0726340857558125,-0.0805421581614485,0.000171750690013837,-0.011438772603812,-0.00275620567994322,0.00756030588472923,0.00148121212786066,0.00263494035319305,0.00272302775487528,-0.00340497466344475,-0.00115372822533239,0.00612800241832004,-0.00546030639401784,0.00790807240563593,0.0116105232938259,-0.0103165115646724,0.00546030639401784,0.00790807240563593,0.0116105232938259,0.0103165115646724,0.00115372822533239,0.00612800241832004,0.00961002367787575,0.0155317308121308,0.00623566375431396
"WxT_49.",0.187847095213362,0.117802920329323,-0.110170435184977,-0.0511060432283784,-0.00642223730350945,-0.00893907873286736,0.0204333109366627,0.00433338366620507,-0.00711167547333812,-0.000298860440005458,-0.00501045766741407,-0.00551719881538056,-0.00681281503333266,0.000506741147966496,0.0700441748840389,-0.059064391956599,0.00251684142935792,0.0160999272704577,0.0700441748840389,0.059064391956599,0.00251684142935792,0.0160999272704577,0.00681281503333266,0.000506741147966496,0.091623080238489,0.0162954640588895,0.00683163488994003
"WxT_5.",0.202004119974718,0.13393953070519,-0.229821749565406,-0.120385902920075,-0.0484525529465409,-0.0223981926215488,0.0456723989753169,0.0164570916346933,0.0157871582337785,0.0114426070000351,-0.0235620746408004,-0.00820577251731928,0.00434455123374345,-0.0153563021234811,0.0680645892695281,-0.109435846645331,-0.0260543603249922,0.0292153073406235,0.0680645892695281,0.109435846645331,0.0260543603249922,0.0292153073406235,0.00434455123374345,0.0153563021234811,0.128875881542708,0.0391454195909511,0.0159590457211655
"WxT_50.",0.157545293498006,0.115959427153707,-0.103321175282846,-0.0567876734902357,-0.00366685203584403,-0.00865815888805904,0.00340458054469215,0.010900721905747,-0.00497061824174134,-0.00145140239921605,0.006040366944548,-0.00355501936347826,-0.00351921584252529,0.00959538630802626,0.0415858663442994,-0.0465335017926098,0.00499130685221501,-0.0074961413610549,0.0415858663442994,0.0465335017926098,0.00499130685221501,0.0074961413610549,0.00351921584252529,0.00959538630802626,0.0624079407502664,0.00900584695616612,0.0102203873970872
"WxT_51.",0.165609749714181,0.156288569084445,-0.075651895612555,-0.0772108302501402,-0.00711608035759807,-0.00880779206765059,0.00902830814572395,0.00629508370959278,0.000133780425117491,0.00113837081526466,-0.00181712577292594,-0.00376684434359374,-0.00100459039014717,0.0019497185706678,0.0093211806297358,0.00155893463758519,0.00169171171005252,0.00273322443613117,0.0093211806297358,0.00155893463758519,0.00169171171005252,0.00273322443613117,0.00100459039014717,0.0019497185706678,0.00945064471538449,0.00321440575039826,0.00219330899710527
"WxT_52.",0.167308713696245,0.151192919647334,-0.115546251770887,-0.0942701112187717,-0.00442639948116035,-0.00951346091607239,-0.00331663498756555,0.00793355222888236,-0.00336716045389918,0.00169745245548163,0.00302344530246836,-0.00344767359898264,-0.0050646129093808,0.006471118901451,0.0161157940489119,-0.0212761405521149,0.00508706143491204,-0.0112501872164479,0.0161157940489119,0.0212761405521149,0.00508706143491204,0.0112501872164479,0.0050646129093808,0.006471118901451,0.0266906907857458,0.0123468581609937,0.00821740127769012
"WxT_55.",0.248088673490293,0.181359669957731,-0.0893861171545076,-0.0787915585092682,-0.00351708637474928,0.0103163603615463,0.00820947450019826,-0.00401727051046655,0.00181267209806221,-0.0017603039358527,-0.00335468509804413,0.00550419475093341,0.00357297603391491,-0.00885887984897754,0.0667290035325628,-0.0105945586452395,-0.0138334467362956,0.0122267450106648,0.0667290035325628,0.0105945586452395,0.0138334467362956,0.0122267450106648,0.00357297603391491,0.00885887984897754,0.0675648176593129,0.0184623276474485,0.00955227250017244
"WxT_56.",0.10574427395326,0.128421184713091,-0.0686112655240178,-0.0925999656113921,-0.00612370635906538,-0.0199570475523356,0.0130131117042432,0.0014421069981497,0.00257647763389798,0.00684335239244047,-0.00328016646544238,-0.00248123982182194,-0.00426687475854249,-0.000798926643620439,-0.022676910759832,0.0239887000873744,0.0138333411932702,0.0115710047060935,0.022676910759832,0.0239887000873744,0.0138333411932702,0.0115710047060935,0.00426687475854249,0.000798926643620439,0.0330106045611312,0.0180346743380041,0.00434102568374959
"WxT_57.",0.150454731085742,0.170037072502489,-0.0827572363162923,-0.0409793635057564,0.00215538069994086,-0.00326944512154598,0.0176656996842417,8.29497067041372e-05,-0.0061186399442369,0.00356686950907828,-0.00223009206156002,-0.00228968294891748,-0.00968550945331517,5.95908873574635e-05,-0.0195823414167468,-0.0417778728105359,0.00542482582148683,0.0175827499775375,0.0195823414167468,0.0417778728105359,0.00542482582148683,0.0175827499775375,0.00968550945331517,5.95908873574635e-05,0.0461395573443802,0.0184005932503837,0.00968569277047923
"WxT_58.",0.129485477561586,0.121037684063537,-0.0843854980927394,-0.0692579349686299,-0.00688392556263612,-0.00672099827940368,0.00105671156112264,0.00295454512468203,0.00219397856065761,0.00364482806700635,0.00125568323778395,-0.00171094765154227,-0.00145084950634874,0.00296663088932622,0.00844779349804847,-0.0151275631241095,-0.000162927283232441,-0.00189783356355939,0.00844779349804847,0.0151275631241095,0.000162927283232441,0.00189783356355939,0.00145084950634874,0.00296663088932622,0.0173265224745068,0.00190481430449113,0.00330240262893198
"WxT_59.",0.1693861304112,0.265406484588358,-0.102979176649586,-0.0556861542774334,-0.00772637912170793,-0.00181608598355067,0.0144363826772817,0.0127749601580492,-0.00109818254097558,0.00220109599333657,-0.00402822733529605,-0.00330759006185206,-0.00329927853431215,-0.000720637273443987,-0.0960203541771585,-0.0472930223721523,-0.00591029313815726,0.00166142251923258,0.0960203541771585,0.0472930223721523,0.00591029313815726,0.00166142251923258,0.00329927853431215,0.000720637273443987,0.107035220284726,0.00613937209870537,0.00337706335842988
"WxT_6.",0.198076898582122,0.147516013661045,-0.0338802435173675,-0.0549611540115231,0.000299527624756548,-0.00553740094574277,0.0169270598878449,0.016066983097883,-0.00592274947316377,0.00444862386418295,-0.00412782328521389,-0.00653109842998894,-0.0103713733373467,0.00240327514477504,0.0505608849210777,0.0210809104941556,0.00583692857049932,0.000860076789961913,0.0505608849210777,0.0210809104941556,0.00583692857049932,0.000860076789961913,0.0103713733373467,0.00240327514477504,0.0547796300760151,0.00589995484912744,0.0106461784845136
"WxT_61.",0.211416741987642,0.196431352018325,-0.126248555943877,-0.0940194871364973,-0.00451364843552691,-0.00323332589475262,0.00665890304746963,0.00496944454194169,0.000959851075335566,-0.00172915796405963,-0.00084472810440178,-0.00294182972712619,0.00268900903939519,0.00209710162272441,0.0149853899693169,-0.0322290688073795,-0.00128032254077429,0.00168945850552794,0.0149853899693169,0.0322290688073795,0.00128032254077429,0.00168945850552794,0.00268900903939519,0.00209710162272441,0.0355425771255167,0.00211978674642414,0.00341007402118816
"WxT_62.",0.140258882743954,0.203806904030399,-0.089663855598376,-0.0503854489654914,-0.0157773801597656,-0.00651248305853854,0.0156122991850245,0.0121980334626102,0.00107277010981065,-0.00235683895241006,-0.007719543280777,-0.00533408836975196,0.00342960906222072,-0.00238545491102504,-0.0635480212864454,-0.0392784066328846,-0.00926489710122707,0.00341426572241432,0.0635480212864454,0.0392784066328846,0.00926489710122707,0.00341426572241432,0.00342960906222072,0.00238545491102504,0.0747070561395692,0.00987398241438474,0.00417763251761089
"WxT_63.",0.158622668968489,0.174516429443774,-0.115481413458767,-0.0870977082980467,-0.0174899813572153,-0.00800799218857226,-0.00525084635955216,0.00181227560663583,0.0108837029548167,0.0022581619250115,-0.00288141894818275,-0.00200621611954339,0.00862554102980517,-0.000875202828639361,-0.015893760475285,-0.0283837051607204,-0.00948198916864301,-0.007063121966188,0.015893760475285,0.0283837051607204,0.00948198916864301,0.007063121966188,0.00862554102980517,0.000875202828639361,0.0325306984354231,0.0118235278366277,0.00866982918217601
"WxT_64.",0.134316498602622,0.172715975579551,-0.111245538805479,-0.0841694527126269,-0.00976346428682953,-0.00633388328833195,0.00318262870916442,0.0129644679455521,0.000177848090656039,-0.000167646136415131,-0.0040224409521191,-0.009743929700377,0.00034549422707117,0.0057214887482579,-0.0383994769769284,-0.0270760860928524,-0.00342958099849758,-0.00978183923638766,0.0383994769769284,0.0270760860928524,0.00342958099849758,0.00978183923638766,0.00034549422707117,0.0057214887482579,0.0469854687133076,0.0103656357582055,0.00573191065504176
"WxT_65.",0.211997350973275,0.208074472472617,-0.13312411041174,-0.0817737665452465,-0.00325579141984652,-0.00384075327045767,0.0233675053617596,0.00140884436648431,-0.00293037807493399,-0.000718545020819341,-0.00182128561700344,-0.00108007139246114,-0.00221183305411465,-0.000741214224542304,0.00392287850065795,-0.0513503438664933,0.00058496185061115,0.0219586609952753,0.00392287850065795,0.0513503438664933,0.00058496185061115,0.0219586609952753,0.00221183305411465,0.000741214224542304,0.0514999688440491,0.0219664510805021,0.00233272458424435
"WxT_66.",0.191887599966655,0.211121788467784,-0.14767145777714,-0.0859716878770302,-0.0214420538788247,-0.00281297186623364,0.00727243394861328,0.00152855368209391,0.00812272485977218,0.00527467283627161,-0.00623074623708093,0.00142621704376218,0.00284805202350056,-0.00765696328084311,-0.0192341885011288,-0.0616997699001098,-0.0186290820125911,0.00574388026651936,0.0192341885011288,0.0616997699001098,0.0186290820125911,0.00574388026651936,0.00284805202350056,0.00765696328084311,0.0646282880248538,0.0194944827360963,0.00816948511307447
"WxT_68.",0.168543032007784,0.223953228829123,-0.112972392844971,-0.111509122007233,-0.00936404001039013,-0.00671816423469008,0.00603584180711561,-0.000120121031297808,0.00207886992650977,0.00641871850838911,-0.00260914432139315,-0.0021335830228732,-0.00433984858187934,-0.000475561298519948,-0.0554101968213389,-0.00146327083773802,-0.00264587577570006,0.00615596283841342,0.0554101968213389,0.00146327083773802,0.00264587577570006,0.00615596283841342,0.00433984858187934,0.000475561298519948,0.0554295144604758,0.006700487824656,0.0043658268703981
"WxT_69.",0.152063197109546,0.2008735421035,-0.166526396346904,-0.0555818071824587,-0.00478342659216061,0.012861269197256,-0.00732477245119336,0.00835273221336219,0.000580931236993154,-0.00709603266382252,0.0024037191120614,0.00854770708718061,0.00767696390081567,-0.00614398797511921,-0.0488103449939544,-0.110944589164446,-0.0176446957894166,-0.0156775046645556,0.0488103449939544,0.110944589164446,0.0176446957894166,0.0156775046645556,0.00767696390081567,0.00614398797511921,0.121207061029036,0.023603377766926,0.00983282070277071
"WxT_71.",0.118463283242039,0.203504565726875,-0.118120991864476,-0.0897100125709506,-0.0177303320503271,-0.00796164962222231,0.00739929622974887,0.00603754095513702,0.00388007488260342,0.00365240414965154,-0.00687821402871661,-0.00217283153462106,0.000227670732951872,-0.00470538249409554,-0.0850412824848359,-0.0284109792935257,-0.00976868242810483,0.00136175527461185,0.0850412824848359,0.0284109792935257,0.00976868242810483,0.00136175527461185,0.000227670732951872,0.00470538249409554,0.0896616053340716,0.00986314015965997,0.00471088721775247
"WxT_73.",0.150787254105554,0.1678522026509,-0.0842983826219346,-0.0748618077220445,-0.00521580215495639,-0.0137642408882688,0.0180177353043664,0.0174094459038136,-0.00295560775304886,0.00320037306840342,-0.00336039831518635,-0.0061095392262712,-0.00615598082145228,0.00274914091108485,-0.0170649485453456,-0.00943657489989012,0.00854843873331246,0.000608289400552773,0.0170649485453456,0.00943657489989012,0.00854843873331246,0.000608289400552773,0.00615598082145228,0.00274914091108485,0.0195002926823299,0.00857005372048633,0.00674194894841905
"WxT_74.",0.165953943369682,0.179762101925449,-0.0665786283341791,-0.0818833900205149,-0.00334956435662535,-0.00018289281628823,0.0105945852605455,-0.00564582676978277,-0.00147024014245731,0.00320074794858654,-0.00223398463294652,0.00180017371701517,-0.00467098809104385,-0.00403415834996169,-0.0138081585557675,0.0153047616863358,-0.00316667154033712,0.0162404120303283,0.0138081585557675,0.0153047616863358,0.00316667154033712,0.0162404120303283,0.00467098809104385,0.00403415834996169,0.0206131262300687,0.016546262162773,0.00617191731467938
"WxT_76.",0.180474921930795,0.216396760340223,-0.134462741873445,-0.0773766019315157,-0.0208797259294938,-0.00821398888188167,0.000594605032181662,0.015364621816975,0.00459654170784291,0.00179218176485245,-0.00545527917002463,-0.000706222039897549,0.00280435994299046,-0.00474905713012708,-0.0359218384094275,-0.0570861399419293,-0.0126657370476122,-0.0147700167847934,0.0359218384094275,0.0570861399419293,0.0126657370476122,0.0147700167847934,0.00280435994299046,0.00474905713012708,0.0674478009143557,0.0194569856550888,0.00551524961493678
"WxT_77.",0.173962237485927,0.179783078688321,-0.14220557531234,-0.0737707003052228,-0.0187378486948806,0.00431421583654078,0.00639277272748078,-0.00532785085261244,0.010804172220284,0.00270942683580661,-0.00204415219853835,0.0101485105891439,0.00809474538447738,-0.0121926627876822,-0.0058208412023944,-0.0684348750071176,-0.0230520645314214,0.0117206235800932,0.0058208412023944,0.0684348750071176,0.0230520645314214,0.0117206235800932,0.00809474538447738,0.0121926627876822,0.0686819795109554,0.0258606012356065,0.0146350923705199
"WxT_78.",0.159346243730407,0.120085881668702,-0.105440773942315,-0.0592411464503301,0.00257363464148532,-0.00391416091808071,0.00723887234313303,0.00296322734807623,-0.0004748025432978,0.000468249918895584,0.00935059801767075,-0.00293954914303956,-0.000943052462193384,0.0122901471607103,0.0392603620617048,-0.0461996274919853,0.00648779555956603,0.0042756449950568,0.0392603620617048,0.0461996274919853,0.00648779555956603,0.0042756449950568,0.000943052462193384,0.0122901471607103,0.0606282245296228,0.0077699827121094,0.0123262753976359
"WxT_9.",0.276592767667453,0.203393840142799,-0.17624690871005,-0.109096044872582,-0.0287883283425181,-0.0146969575748742,0.00292307712058808,0.0057770234052105,0.00359053109092813,0.000717470720080666,-0.0159952871711675,-0.00788417463986145,0.00287306037084746,-0.00811111253130606,0.0731989275246542,-0.067150863837468,-0.0140913707676439,-0.00285394628462242,0.0731989275246542,0.067150863837468,0.0140913707676439,0.00285394628462242,0.00287306037084746,0.00811111253130606,0.0993343923567147,0.0143774733352811,0.00860491849990715
