"","sd_PC1_LDLDpre","sd_PC1_LDLDpost","sd_PC2_LDLDpre","sd_PC2_LDLDpost","sd_PC1_LDLDpre_vel","sd_PC1_LDLDpost_vel","sd_PC2_LDLDpre_vel","sd_PC2_LDLDpost_vel","sd_PC1_LDLDpre_acc","sd_PC1_LDLDpost_acc","sd_PC2_LDLDpre_acc","sd_PC2_LDLDpost_acc","PC1_movement_acc_sd_LDLD","PC2_movement_acc_sd_LDLD","PC1_movement_ori_sd_LDLD","PC2_movement_ori_sd_LDLD","PC1_movement_vel_sd_LDLD","PC2_movement_vel_sd_LDLD","PC1_movement_ori_sd_absLDLD","PC2_movement_ori_sd_absLDLD","PC1_movement_vel_sd_absLDLD","PC2_movement_vel_sd_absLDLD","PC1_movement_acc_sd_absLDLD","PC2_movement_acc_sd_absLDLD","distances_ori_sdLDLD","distances_vel_sdLDLD","distances_acc_sdLDLD"
"WxT_1.",0.130613393155429,0.178920976644471,0.0265284913231441,0.072511867516838,0.012057347945368,0.0046951937293083,0.0315602651809896,0.020567874267443,0.000117739304441746,0.00245091726265092,-0.0108778425136705,-0.00755842949911785,-0.00233317795820918,-0.00331941301455267,-0.0483075834890427,-0.0459833761936938,0.00736215421605969,0.0109923909135466,0.0483075834890427,0.0459833761936938,0.00736215421605969,0.0109923909135466,0.00233317795820918,0.00331941301455267,0.066694029033502,0.013230040540273,0.00405736640517649
"WxT_10.",0.301989015442783,0.25850351389767,-0.0615291417459981,0.0475927171672879,-0.0196170762610297,0.00334745880635676,0.00772116648381045,0.00885337357383277,0.0063734802239564,0.00127812420495625,-0.00414670205218355,-0.00325959418626163,0.00509535601900014,-0.000887107865921926,0.0434855015451125,-0.109121858913286,-0.0229645350673865,-0.00113220709002233,0.0434855015451125,0.109121858913286,0.0229645350673865,0.00113220709002233,0.00509535601900014,0.000887107865921926,0.117467310079533,0.0229924284005827,0.00517200283508638
"WxT_11.",0.221927918266225,0.22315789336948,0.038737500229939,0.071086717601695,0.00854911979884429,0.00551827296837542,0.0134766915432785,0.000156526182621352,-0.00830364808019706,-0.000541547639013776,-0.00336996199711153,0.00112248990206722,-0.00776210044118329,-0.00449245189917876,-0.00122997510325495,-0.0323492173717561,0.00303084683046886,0.0133201653606571,0.00122997510325495,0.0323492173717561,0.00303084683046886,0.0133201653606571,0.00776210044118329,0.00449245189917876,0.0323725918535997,0.0136606309424204,0.00896840717883909
"WxT_12.",0.252350048978885,0.255538506810903,0.0391751916187786,0.0484925643924173,0.00335615759513704,-0.00517381500783223,0.0170859083587619,0.00822903692479171,-0.0018762518691132,0.008123734761215,-0.00841292120503457,0.00240778738000602,-0.0099999866303282,-0.0108207085850406,-0.00318845783201843,-0.00931737277363866,0.00852997260296926,0.00885687143397022,0.00318845783201843,0.00931737277363866,0.00852997260296926,0.00885687143397022,0.0099999866303282,0.0108207085850406,0.0098478271080225,0.0122965281362376,0.0147338883832176
"WxT_13.",0.299433471591058,0.265885899982489,0.00597216385174075,0.042129416675584,-0.00463517423559208,0.00725567892880347,0.0363958063519903,-0.0101751346685076,0.00551055699121023,-0.000755660046607218,-0.0158987568603628,0.00514851741343503,0.00626621703781745,-0.0210472742737978,0.0335475716085693,-0.0361572528238433,-0.0118908531643955,0.046570941020498,0.0335475716085693,0.0361572528238433,0.0118908531643955,0.046570941020498,0.00626621703781745,0.0210472742737978,0.0493232855008606,0.0480650074015589,0.0219602648053594
"WxT_14.",0.284782751025072,0.219967424413599,0.0423429880980729,0.0436527369205422,0.00333179619738279,-0.000714998854062185,0.0329816420378863,0.0104361374138399,-0.000223698757335327,0.00598309594016856,-0.0105893326796994,-0.00373991543270642,-0.00620679469750389,-0.00684941724699303,0.0648153266114726,-0.00130974882246923,0.00404679505144497,0.0225455046240463,0.0648153266114726,0.00130974882246923,0.00404679505144497,0.0225455046240463,0.00620679469750389,0.00684941724699303,0.0648285585658808,0.0229058143042611,0.00924331201682427
"WxT_15.",0.206229973203204,0.188687250403377,0.0588433822001834,0.042244878649355,-0.00507500718470921,0.0149278193172317,0.0182131255329563,0.0158341981797521,0.00251311293414155,-0.00146320752570379,-0.00803069586226975,-0.00628412244801811,0.00397632045984534,-0.00174657341425164,0.0175427227998269,0.0165985035508284,-0.020002826501941,0.00237892735320422,0.0175427227998269,0.0165985035508284,0.020002826501941,0.00237892735320422,0.00397632045984534,0.00174657341425164,0.0241507234541417,0.0201437921806837,0.00434299931968165
"WxT_16.",0.270174913908495,0.278534420263985,0.00212039281250639,0.0490010067652953,-0.0151361458864721,-0.00541128756482969,0.00716150592092961,-0.000268161216460142,0.00725437284609681,0.00669466527146136,-0.00717287507251464,0.00208531924869477,0.000559707574635456,-0.00925819432120941,-0.00835950635549032,-0.0468806139527889,-0.0097248583216424,0.00742966713738976,0.00835950635549032,0.0468806139527889,0.0097248583216424,0.00742966713738976,0.000559707574635456,0.00925819432120941,0.0476200935645648,0.0122381707435559,0.00927509755519469
"WxT_17.",0.291889728670184,0.263435294573489,0.0349313766543926,0.0390053349010809,-0.00836048725031468,0.00203539560563745,0.018496911065338,0.0131503408096615,0.00174757283296991,0.000480060276847037,-0.00616977111336299,0.00101913819753804,0.00126751255612287,-0.00718890931090102,0.0284544340966945,-0.00407395824668834,-0.0103958828559521,0.00534657025567654,0.0284544340966945,0.00407395824668834,0.0103958828559521,0.00534657025567654,0.00126751255612287,0.00718890931090102,0.0287445987197402,0.0116901750993544,0.00729979487111032
"WxT_18.",0.149855052125162,0.1179038283428,0.0256963285909479,0.00120597372955919,0.00451565823969717,-0.00705130889266351,-0.00359697509160764,0.00986241493333425,-0.00164427485910622,0.00550531100506213,0.00433775523908277,-0.00291476210722343,-0.00714958586416835,0.0072525173463062,0.0319512237823619,0.0244903548613888,0.0115669671323607,-0.0134593900249419,0.0319512237823619,0.0244903548613888,0.0115669671323607,0.0134593900249419,0.00714958586416835,0.0072525173463062,0.0402573991016225,0.0177468281246148,0.0101840849312831
"WxT_19.",0.286877790978445,0.181850791639897,0.0149251245669985,-0.00215379561690804,-0.00210734002939279,-0.00440084047068151,0.0103484161051017,0.00150217370092483,0.0028515913524308,0.000192360339488569,-0.00415805813036371,0.000577669138607572,0.00265923101294223,-0.00473572726897128,0.105026999338548,0.0170789201839065,0.00229350044128873,0.00884624240417686,0.105026999338548,0.0170789201839065,0.00229350044128873,0.00884624240417686,0.00265923101294223,0.00473572726897128,0.106406579236002,0.00913871702962994,0.00543126342081397
"WxT_21.",0.195045106533486,0.230214957647866,0.039215164972108,0.0298202717560714,0.00391144983174316,-0.0043620760557397,0.0194313034100384,0.00138076876918564,0.00100009696986867,0.000727867018290807,-0.00866817441722309,-0.000924652311621402,0.000272229951577864,-0.00774352210560169,-0.0351698511143802,0.00939489321603668,0.00827352588748286,0.0180505346408528,0.0351698511143802,0.00939489321603668,0.00827352588748286,0.0180505346408528,0.000272229951577864,0.00774352210560169,0.0364030554479759,0.0198563096126011,0.00774830586299212
"WxT_22.",0.209742621429292,0.236594355702158,0.0375927101969253,0.0718132571258496,0.00114704607509616,0.00770211526141649,0.0202109494415008,0.0114434383601227,0.00507213074011211,-6.34254550055762e-05,-0.00573492556144167,-0.00490591450687358,0.00513555619511769,-0.000829011054568088,-0.0268517342728659,-0.0342205469289243,-0.00655506918632033,0.0087675110813781,0.0268517342728659,0.0342205469289243,0.00655506918632033,0.0087675110813781,0.00513555619511769,0.000829011054568088,0.0434978328836657,0.0109470627384488,0.00520203775090183
"WxT_23.",0.252774588844522,0.249502100190233,0.00916476738717858,0.0589953925452706,0.00114284078127472,0.00198562585982656,0.0147556003078552,0.0123966884508126,-0.000385574037249084,-0.000642411775497396,-0.00448776357818319,-0.00693643476638698,0.000256837738248312,0.00244867118820379,0.00327248865428881,-0.049830625158092,-0.00084278507855184,0.00235891185704258,0.00327248865428881,0.049830625158092,0.00084278507855184,0.00235891185704258,0.000256837738248312,0.00244867118820379,0.0499379653734383,0.00250494547603849,0.00246210402130533
"WxT_24.",0.251786663830038,0.254373016582831,0.00569692689415614,0.0240514526360969,-0.00962901445973757,-0.00380791471960222,0.012108073182215,0.0130572802728752,0.00392648778372245,0.0084361532659275,0.000309793685214301,-0.00265533430846443,-0.00450966548220506,0.00296512799367873,-0.00258635275279273,-0.0183545257419408,-0.00582109974013535,-0.000949207090660162,0.00258635275279273,0.0183545257419408,0.00582109974013535,0.000949207090660162,0.00450966548220506,0.00296512799367873,0.0185358527123369,0.00589798239108624,0.00539713505299701
"WxT_25.",0.306135908955785,0.295275408040642,0.000904723910398392,0.0313019038831833,-0.0114767392734202,-0.00589494319304015,0.0133058949137683,-0.0107816546398831,0.00216810763782634,-0.00287648234362196,-0.00593786201108614,0.00456923535447463,0.00504458998144829,-0.0105070973655608,0.0108605009151427,-0.0303971799727849,-0.00558179608038006,0.0240875495536514,0.0108605009151427,0.0303971799727849,0.00558179608038006,0.0240875495536514,0.00504458998144829,0.0105070973655608,0.0322790803838289,0.0247258263963524,0.0116553413991312
"WxT_26.",0.212128835237296,0.213648877906788,0.00987933744400789,0.0116127239422926,-0.00100315150129969,-0.000977142725670569,0.0263621400872617,0.0108295237291859,0.00341643435133534,0.00169940002315854,-0.00700407882836682,-0.00191579405378616,0.0017170343281768,-0.00508828477458066,-0.00152004266949182,-0.00173338649828473,-2.6008775629119e-05,0.0155326163580758,0.00152004266949182,0.00173338649828473,2.6008775629119e-05,0.0155326163580758,0.0017170343281768,0.00508828477458066,0.00230546274520141,0.0155326381334136,0.00537018145236889
"WxT_27.",0.237966096257555,0.238295728565534,0.0359417661036282,0.0257696083561382,0.000192857599781685,-0.0059713439970762,0.00824116979544786,0.00591112071329077,0.00181067465421136,0.0059544314741258,-0.0041322271299644,-2.65890349969806e-06,-0.00414375681991444,-0.0041295682264647,-0.000329632307979083,0.01017215774749,0.00616420159685789,0.00233004908215709,0.000329632307979083,0.01017215774749,0.00616420159685789,0.00233004908215709,0.00414375681991444,0.0041295682264647,0.0101774972708562,0.00658987936550939,0.00585013284632189
"WxT_28.",0.190701659169979,0.204517308617554,0.00829943426395112,0.0124175504535438,-0.00612134654363526,-0.00729005633710236,-0.000832695096008555,0.00366198152192148,0.000235318297047363,0.00311524143509867,0.00136828149699635,0.00115065896886424,-0.00287992313805131,0.000217622528132117,-0.0138156494475749,-0.0041181161895927,0.0011687097934671,-0.00449467661793003,0.0138156494475749,0.0041181161895927,0.0011687097934671,0.00449467661793003,0.00287992313805131,0.000217622528132117,0.0144163466457095,0.00464413613938188,0.00288813379984964
"WxT_29.",0.222200561880587,0.222361757011246,-0.012747873876772,0.0462456928474605,-0.0118957457244199,-0.00213049329746438,0.0155545955709279,0.0173295278274686,0.00583189159575054,0.00523332803312703,-0.00653039898620092,-0.00486657494454628,0.000598563562623507,-0.00166382404165464,-0.000161195130659098,-0.0589935667242325,-0.0097652524269555,-0.00177493225654065,0.000161195130659098,0.0589935667242325,0.0097652524269555,0.00177493225654065,0.000598563562623507,0.00166382404165464,0.058993786950124,0.00992524757764101,0.00176821627073402
"WxT_3.",0.195198566996456,0.211762747639725,0.041526612739461,0.0277979467164767,-0.00204024219241252,0.00364717787087076,0.0111968476144169,0.0282231441904724,-0.00322014827136182,0.00270842411088307,-0.00914518970893814,-0.0175470146153664,-0.00592857238224488,0.0084018249064283,-0.0165641806432696,0.0137286660229843,-0.00568742006328328,-0.0170262965760555,0.0165641806432696,0.0137286660229843,0.00568742006328328,0.0170262965760555,0.00592857238224488,0.0084018249064283,0.0215139106429657,0.0179510869328862,0.010282929166818
"WxT_30.",0.236869073746131,0.169740939441918,0.0348973502415282,0.00701970507774686,-0.00188712422414629,-0.00313931794785806,0.0110290747033494,0.00293298333305431,-0.00410719892065734,0.000630352926096643,-0.00378494656493296,-0.000803327565897252,-0.00473755184675399,-0.00298161899903571,0.0671281343042126,0.0278776451637814,0.00125219372371176,0.00809609137029514,0.0671281343042126,0.0278776451637814,0.00125219372371176,0.00809609137029514,0.00473755184675399,0.00298161899903571,0.0726866529360247,0.00819235525339756,0.00559771822764355
"WxT_31.",0.256203847484531,0.246621754776936,0.0497534541787455,0.0336292721857542,0.00565644793227532,-0.00509839507732752,0.0273679456662157,0.0159260683525473,0.00125078839242934,0.0110227525774949,-0.0121204988749898,-0.00557133841252467,-0.00977196418506559,-0.00654916046246513,0.00958209270759497,0.0161241819929913,0.0107548430096028,0.0114418773136684,0.00958209270759497,0.0161241819929913,0.0107548430096028,0.0114418773136684,0.00977196418506559,0.00654916046246513,0.018756485427714,0.0157029680195255,0.0117636213300718
"WxT_34.",0.243231943299232,0.189015917863386,0.048110246129247,0.0567257413685859,0.00600022234758457,-0.00618306033127887,0.0374483494390159,0.00563844375586124,-0.000565570147271234,-0.00341360740331453,-0.0099399413433992,-0.00599034759898873,0.0028480372560433,-0.00394959374441047,0.0542160254358458,-0.00861549523933888,0.0121832826788634,0.0318099056831547,0.0542160254358458,0.00861549523933888,0.0121832826788634,0.0318099056831547,0.0028480372560433,0.00394959374441047,0.054896303812546,0.034063212948932,0.00486935385422922
"WxT_35.",0.34139792896266,0.265046544541358,0.0272350612510033,0.0560227784859832,0.00408025104240819,0.000180500735773555,0.028456591277373,0.0133782326340695,0.000341858802602844,0.00735536632360478,-0.0140595414813824,-0.00253344147506148,-0.00701350752100194,-0.0115261000063209,0.0763513844213025,-0.02878771723498,0.00389975030663464,0.0150783586433034,0.0763513844213025,0.02878771723498,0.00389975030663464,0.0150783586433034,0.00701350752100194,0.0115261000063209,0.0815982019817267,0.0155744968403535,0.0134922299529344
"WxT_36.",0.276062088500521,0.225768674118523,0.0381191592719408,0.0609377139809278,0.00363296645525102,0.00512964681641565,0.0268682664368894,0.0123103811445661,-0.00151288211069573,-0.000871945748354009,-0.0130593274297883,-0.00397258860260889,-0.000640936362341726,-0.00908673882717943,0.0502934143819981,-0.022818554708987,-0.00149668036116464,0.0145578852923233,0.0502934143819981,0.022818554708987,0.00149668036116464,0.0145578852923233,0.000640936362341726,0.00908673882717943,0.0552278369050101,0.0146346191029332,0.00910931511881887
"WxT_38.",0.221819961561767,0.234840813671832,-0.0240577735279319,-0.0145580397889569,-0.0156696250773292,-0.0113119204357677,-0.00551896492229033,0.0177566939923896,0.00266300268904185,0.0145885292306532,0.00477117947643403,-0.00254449241517434,-0.0119255265416114,0.00731567189160837,-0.0130208521100655,-0.00949973373897496,-0.00435770464156156,-0.0232756589146799,0.0130208521100655,0.00949973373897496,0.00435770464156156,0.0232756589146799,0.0119255265416114,0.00731567189160837,0.0161179257593406,0.0236800736412623,0.0139906125141234
"WxT_39.",0.195383209334228,0.208273705120698,-0.013252689133383,0.014372916887747,-0.014442143034339,-0.00812224609440874,-0.00344451228004789,0.00698126153523193,0.000253350480181403,0.00272792968500288,0.00236677395738021,0.000159012095371881,-0.00247457920482148,0.00220776186200833,-0.0128904957864694,-0.02762560602113,-0.00631989693993026,-0.0104257738152798,0.0128904957864694,0.02762560602113,0.00631989693993026,0.0104257738152798,0.00247457920482148,0.00220776186200833,0.0304850617459712,0.0121917126351762,0.00331628627839537
"WxT_4.",0.166964350233883,0.249552272329044,3.82359124647271e-05,0.0323321119557311,-0.00956662283483211,-0.0141038237332463,-0.00754053467296776,0.00534130336007544,-0.000574942362307168,0.00910735667900152,0.00407910981051723,0.00207354250484415,-0.00968229904130868,0.00200556730567307,-0.0825879220951612,-0.0322938760432664,0.00453720089841422,-0.0128818380330432,0.0825879220951612,0.0322938760432664,0.00453720089841422,0.0128818380330432,0.00968229904130868,0.00200556730567307,0.0886772761528807,0.0136575233150864,0.00988783166032431
"WxT_40.",0.29134551122558,0.257625571744482,0.0404708241771866,0.0355980879291721,-0.00212194765912652,-0.00212309519631277,0.0203173874850836,0.0182852644420485,0.00308828575706141,0.00339871730790221,-0.00582560612518314,-0.00937865441145139,-0.000310431550840802,0.00355304828626825,0.0337199394810979,0.00487273624801447,1.14753718624769e-06,0.00203212304303511,0.0337199394810979,0.00487273624801447,1.14753718624769e-06,0.00203212304303511,0.000310431550840802,0.00355304828626825,0.0340701904478331,0.00203212336704145,0.00356658378175968
"WxT_41.",0.33396288988958,0.21981359298159,-0.0145797553601278,0.0240473850997705,-0.0192033950803582,-0.00211759219646065,0.0186851082100717,0.0158049777004277,0.00125264810634588,0.00363663352760318,-0.0070520806126289,-0.00919189346482539,-0.0023839854212573,0.00213981285219649,0.114149296907989,-0.0386271404598983,-0.0170858028838976,0.00288013050964398,0.114149296907989,0.0386271404598983,0.0170858028838976,0.00288013050964398,0.0023839854212573,0.00213981285219649,0.120507750641596,0.0173268523379172,0.00320346461369447
"WxT_42.",0.199389739336475,0.182522755166894,0.00656913279851999,0.009351818074403,-0.00639476323996247,-0.00990587923808964,0.0050514711178856,0.00771931707529338,0.00305432482592322,0.00573170762865973,-0.00240229618021642,-0.0027356137718191,-0.00267738280273651,0.000333317591602683,0.0168669841695812,-0.002782685275883,0.00351111599812717,-0.00266784595740778,0.0168669841695812,0.002782685275883,0.00351111599812717,0.00266784595740778,0.00267738280273651,0.000333317591602683,0.0170949844200432,0.00440968679213859,0.00269805101680102
"WxT_44.",0.264741329543234,0.258744917594924,0.0518366344823232,0.0474432479508314,0.00758107704902849,0.00296726087059847,0.0273220517874205,0.0102724017988333,0.00281565504859694,0.000150743987849023,-0.0126616227892309,-0.00575152742268308,0.00266491106074792,-0.0069100953665478,0.00599641194831019,0.00439338653149177,0.00461381617843002,0.0170496499885872,0.00599641194831019,0.00439338653149177,0.00461381617843002,0.0170496499885872,0.00266491106074792,0.0069100953665478,0.00743362640095199,0.0176628951324995,0.00740615750146335
"WxT_45.",0.225916210070373,0.187682079950386,0.0455638757065395,0.023134311718009,0.00373452816556683,0.000514230509995959,0.0172514582744538,0.0161455681158962,0.00196612012114367,0.00447019867196814,-0.00400546231223099,-0.00616125882524725,-0.00250407855082447,0.00215579651301626,0.0382341301199865,0.0224295639885305,0.00322029765557087,0.0011058901585576,0.0382341301199865,0.0224295639885305,0.00322029765557087,0.0011058901585576,0.00250407855082447,0.00215579651301626,0.0443275765945719,0.00340489501060896,0.00330421972547714
"WxT_46.",0.210627785881722,0.284158191127734,0.0471821371638401,0.0446654359440513,0.00202912668051862,-0.000694538267520335,0.0110123037204285,0.0205613642553851,0.00303364941601466,0.00438374825860859,-0.00375316825316538,-0.00410180358547923,-0.00135009884259393,0.00034863533231385,-0.073530405246012,0.00251670121978888,0.00272366494803895,-0.00954906053495658,0.073530405246012,0.00251670121978888,0.00272366494803895,0.00954906053495658,0.00135009884259393,0.00034863533231385,0.0735734617961696,0.00992989968979754,0.00139438641692719
"WxT_47.",0.272223998251568,0.135743623329939,0.0165908580007107,0.019871558948496,0.00963392223187129,0.0017935346840042,0.042841824001129,-0.000663667830947967,-0.0039332062044415,0.00153489648145986,-0.0159425505100015,0.000174242508302953,-0.00546810268590136,-0.0161167930183045,0.13648037492163,-0.00328070094778525,0.00784038754786709,0.0435054918320769,0.13648037492163,0.00328070094778525,0.00784038754786709,0.0435054918320769,0.00546810268590136,0.0161167930183045,0.136519799800093,0.0442063286923,0.0170191411116551
"WxT_48.",0.193749044601341,0.209109605632038,0.0239593607322828,0.022595750394641,-0.00521952906094678,-0.00538088304619435,-0.00288886546801653,0.0124386308036327,0.000283593806928537,0.00405402910653556,0.00298366450301539,-0.0032293320534878,-0.00377043529960702,0.00621299655650319,-0.0153605610306972,0.0013636103376418,0.000161353985247569,-0.0153274962716492,0.0153605610306972,0.0013636103376418,0.000161353985247569,0.0153274962716492,0.00377043529960702,0.00621299655650319,0.0154209684628008,0.0153283455423596,0.00726756551808397
"WxT_49.",0.262330495075716,0.148249783631375,0.0172816991833206,0.023424103953744,-0.000494359209686974,-0.00384001390329231,0.0201948062915128,0.00850345180019862,-0.00431181557464809,0.00180527300110082,-0.00823004972717277,-0.00455172566154296,-0.00611708857574891,-0.00367832406562981,0.11408071144434,-0.00614240477042342,0.00334565469360534,0.0116913544913142,0.11408071144434,0.00614240477042342,0.00334565469360534,0.0116913544913142,0.00611708857574891,0.00367832406562981,0.114245953363831,0.0121606404095515,0.00713784565365133
"WxT_5.",0.375684358748188,0.223507981797505,-0.0622602734563709,-0.0175154594741253,-0.0200426725332907,-0.013327373029694,0.0638950282609105,0.0253649678095659,0.024035102580222,0.0138914302459672,-0.0156273025640265,-0.00339356027827512,0.0101436723342548,-0.0122337422857514,0.152176376950683,-0.0447448139822456,-0.00671529950359675,0.0385300604513446,0.152176376950683,0.0447448139822456,0.00671529950359675,0.0385300604513446,0.0101436723342548,0.0122337422857514,0.158618246365739,0.0391108783563765,0.0158920904458447
"WxT_50.",0.21731415275656,0.143839625540538,0.00169108353589426,0.0152600118734101,-0.00785014084944212,-0.00154285229003304,0.00408733535154359,0.0138329530955225,-0.00650252734842027,0.000480773340975507,0.00145026549428553,-0.00547428247607043,-0.00698330068939578,0.00692454797035596,0.0734745272160219,-0.0135689283375159,-0.00630728855940907,-0.00974561774397895,0.0734745272160219,0.0135689283375159,0.00630728855940907,0.00974561774397895,0.00698330068939578,0.00692454797035596,0.0747169456405077,0.0116085724438197,0.00983442184941628
"WxT_51.",0.217639681441582,0.19163983559476,0.0326394508457369,0.0189336639157544,0.000632412122728443,-0.00425392828235782,0.0116364618047751,0.00994364443783562,0.00120023185943511,0.00261394093039337,-0.00310795255665649,-0.00322807828019516,-0.00141370907095826,0.000120125723538673,0.0259998458468225,0.0137057869299825,0.00488634040508627,0.00169281736693949,0.0259998458468225,0.0137057869299825,0.00488634040508627,0.00169281736693949,0.00141370907095826,0.000120125723538673,0.0293911649893061,0.00517126224361041,0.00141880355467745
"WxT_52.",0.235730222999402,0.208548546946791,-0.00240845113618126,0.00685239449152252,-0.00635194258023594,-0.00613449983599342,-0.000648582380423062,0.0114742631202037,-0.00382081426399416,0.00302437397599884,-0.000661783060530141,-0.00282862978557369,-0.006845188239993,0.00216684672504355,0.0271816760526114,-0.00926084562770378,-0.000217442744242522,-0.0121228455006268,0.0271816760526114,0.00926084562770378,0.000217442744242522,0.0121228455006268,0.006845188239993,0.00216684672504355,0.0287159672441879,0.0121247954365874,0.00717996008141901
"WxT_55.",0.281654868821306,0.219415293068661,0.0563304135008819,0.0323240362681577,0.00240532319824563,2.40260908483313e-06,0.00897761207887949,-0.00952219014299271,0.00296264662539623,-0.00428671712294919,-0.00213524828617338,0.00631693116825746,0.00724936374834543,-0.00845217945443084,0.0622395757526446,0.0240063772327241,0.0024029205891608,0.0184998022218722,0.0622395757526446,0.0240063772327241,0.0024029205891608,0.0184998022218722,0.00724936374834543,0.00845217945443084,0.0667088520191214,0.0186552059652581,0.0111351970025558
"WxT_56.",0.156106429626468,0.193566162638162,0.00612751494566522,-0.000856365293160956,-0.00415597690760484,-0.0126834161412244,0.0136772449966563,0.0119508524730348,0.00350831125396357,0.00736571022265409,-0.00122478833816203,4.03868802923474e-05,-0.00385739896869052,-0.00126517521845438,-0.0374597330116935,0.00698388023882618,0.00852743923361957,0.00172639252362149,0.0374597330116935,0.00698388023882618,0.00852743923361957,0.00172639252362149,0.00385739896869052,0.00126517521845438,0.0381051988644283,0.00870043970318113,0.0040595806602463
"WxT_57.",0.208297611349947,0.174273469753471,0.0189686347143128,0.0526300956694721,0.00583425575664829,0.00282945259741237,0.0134408197003703,0.00238302802693234,-0.00436370960594574,0.00411425471025626,-0.00597270944671242,-0.000344839453816453,-0.008477964316202,-0.00562786999289597,0.0340241415964759,-0.0336614609551594,0.00300480315923592,0.011057791673438,0.0340241415964759,0.0336614609551594,0.00300480315923592,0.011057791673438,0.008477964316202,0.00562786999289597,0.0478616356282646,0.0114587782384907,0.0101758930617285
"WxT_58.",0.17836480065961,0.158781100839145,0.00186096106990753,0.00878314351325493,-0.00890886155706918,-0.00406426627648952,0.00406300866753694,0.00601964824898671,0.00164700725968912,0.00410309983237256,0.00140743384865176,-0.000435604150852072,-0.00245609257268344,0.00184303799950383,0.0195836998204644,-0.00692218244334741,-0.00484459528057966,-0.00195663958144977,0.0195836998204644,0.00692218244334741,0.00484459528057966,0.00195663958144977,0.00245609257268344,0.00184303799950383,0.0207710834680583,0.00522480065498298,0.00307069695561216
"WxT_59.",0.243166064318857,0.279037762976814,0.0144039730149657,0.0938913153195799,-0.00201153917411715,0.00540029705780738,0.0160341633176735,0.0119170364054616,0.000972246303822232,0.00339277270805113,-0.00566819878936634,-0.00234085193578897,-0.0024205264042289,-0.00332734685357737,-0.0358716986579572,-0.0794873423046142,-0.00741183623192452,0.0041171269122119,0.0358716986579572,0.0794873423046142,0.00741183623192452,0.0041171269122119,0.0024205264042289,0.00332734685357737,0.0872067448725052,0.00847856416736517,0.00411463062225281
"WxT_6.",0.211477414852956,0.188836548409714,0.0796190330744381,0.0403172483580758,0.00993336488808636,0.00443230613554159,0.0144441881030148,0.016715818761207,-0.00350169520360776,0.00642367143369926,-0.00727802555725369,-0.00298152541857993,-0.00992536663730702,-0.00429650013867376,0.0226408664432417,0.0393017847163623,0.00550105875254477,-0.00227163065819217,0.0226408664432417,0.0393017847163623,0.00550105875254477,0.00227163065819217,0.00992536663730702,0.00429650013867376,0.0453567978939431,0.00595163450206647,0.0108153971876483
"WxT_61.",0.283708820785419,0.236676067510652,0.0123035206374268,0.0253165190309242,-0.00447471771689305,-0.00307087439783843,0.00758139047908267,0.00560513730489013,0.00127122841203972,-0.000380459542842131,-0.000613952608639378,-0.00346557918957373,0.00165168795488185,0.00285162658093435,0.0470327532747666,-0.0130129983934974,-0.00140384331905462,0.00197625317419254,0.0470327532747666,0.0130129983934974,0.00140384331905462,0.00197625317419254,0.00165168795488185,0.00285162658093435,0.0487997746695026,0.00242411894777471,0.00329542823581293
"WxT_62.",0.201584011848565,0.212855376323288,0.00731866874088395,0.0633540861028491,-0.0056454029482934,0.00196816649510285,0.0214953322794195,0.0139476391645346,0.00435507502804701,0.000148803217044112,-0.00777969483063676,-0.00651636812980971,0.0042062718110029,-0.00126332670082704,-0.0112713644747229,-0.0560354173619651,-0.00761356944339624,0.00754769311488485,0.0112713644747229,0.0560354173619651,0.00761356944339624,0.00754769311488485,0.0042062718110029,0.00126332670082704,0.0571577786136906,0.0107207327653429,0.00439189217775894
"WxT_63.",0.209788528352575,0.213147051846333,-0.014258189786327,0.0198516077252337,-0.0185077884375888,-0.00586262353476181,0.00444553539064768,0.00569436483274454,0.0109328731446587,0.00309953720961903,0.00256675421183162,-0.00190000151506814,0.00783333593503969,0.00446675572689976,-0.00335852349375762,-0.0341097975115606,-0.012645164902827,-0.00124882944209685,0.00335852349375762,0.0341097975115606,0.012645164902827,0.00124882944209685,0.00783333593503969,0.00446675572689976,0.0342747423963739,0.0127066821159237,0.00901737537174625
"WxT_64.",0.217908594937216,0.216476991904987,-0.00996934764162822,0.0240880052995544,-0.00692594812480826,0.00253267508703294,0.00774457065784355,0.0145134473592058,0.00169444036235372,0.00353240493511219,-0.00322859711581694,-0.00795626847181003,-0.00183796457275846,0.00472767135599309,0.00143160303222886,-0.0340573529411827,-0.00945862321184119,-0.00676887670136224,0.00143160303222886,0.0340573529411827,0.00945862321184119,0.00676887670136224,0.00183796457275846,0.00472767135599309,0.0340874284245992,0.0116311325700392,0.0050723752050684
"WxT_65.",0.293030191536038,0.249028106373531,0.00885015042060076,0.0452092969520562,-0.00179582340351751,-0.00252137733683971,0.0204550117468829,0.00319451053241119,-0.00161974898823655,-0.00029794632882293,-0.004272401014363,-0.000952471996722117,-0.00132180265941363,-0.00331992901764088,0.0440020851625069,-0.0363591465314555,0.000725553933322192,0.0172605012144718,0.0440020851625069,0.0363591465314555,0.000725553933322192,0.0172605012144718,0.00132180265941363,0.00331992901764088,0.0570803909862604,0.0172757439980147,0.0035733864824011
"WxT_66.",0.287451638243127,0.253997972131659,-0.0119750184738308,0.0432012741587761,-0.0159035461602204,0.00288529284342918,0.0171568479919592,0.00326442928204588,0.0102762639406868,0.00422464801254291,-0.00387084465023058,0.00355569829751892,0.00605161592814392,-0.00742654294774951,0.0334536661114682,-0.0551762926326068,-0.0187888390036496,0.0138924187099134,0.0334536661114682,0.0551762926326068,0.0187888390036496,0.0138924187099134,0.00605161592814392,0.00742654294774951,0.0645257393989147,0.0233670658987519,0.0095799580112093
"WxT_68.",0.238886248352212,0.272953075930311,0.00182380513155077,0.0255197301777091,-0.00710527271277491,-0.00472178402609975,0.00975884928420369,0.00348891872469971,0.00319020845016849,0.00671078482044528,-0.00257601569607347,0.000734318759243263,-0.00352057637027679,-0.00331033445531673,-0.0340668275780993,-0.0236959250461584,-0.00238348868667516,0.00626993055950398,0.0340668275780993,0.0236959250461584,0.00238348868667516,0.00626993055950398,0.00352057637027679,0.00331033445531673,0.0414975373369204,0.00670768570674792,0.00483247060880958
"WxT_69.",0.25846292774755,0.235839289618254,-0.0499167423537408,0.0667856329033574,-0.0146536581577208,0.0118789813895719,-0.00455764038481355,0.000125039120182944,3.58922142110089e-05,-0.00906380372026381,0.000389759084060747,0.00118380076848943,0.00909969593447482,-0.000794041684428684,0.0226236381292961,-0.116702375257098,-0.0265326395472927,-0.00468267950499649,0.0226236381292961,0.116702375257098,0.0265326395472927,0.00468267950499649,0.00909969593447482,0.000794041684428684,0.118875032672357,0.0269426882232095,0.00913427437164594
"WxT_71.",0.198443241348426,0.243845415723168,-0.0276491112028765,0.0339128283409729,-0.0132480799885562,-0.00568358728509859,0.0152827841923593,0.00906054062400195,0.00612938995995739,0.00431692607104017,-0.0039021548777928,-0.000945826184363906,0.00181246388891722,-0.00295632869342889,-0.0454021743747416,-0.0615619395438494,-0.00756449270345762,0.00622224356835736,0.0454021743747416,0.0615619395438494,0.00756449270345762,0.00622224356835736,0.00181246388891722,0.00295632869342889,0.0764933319862262,0.00979478763856717,0.00346769443466692
"WxT_73.",0.211019816987283,0.207086551041425,0.0184839278433417,0.0294868680531098,0.00242130002924435,-0.00201299734331254,0.0178525628919023,0.0221038814517302,-0.000950925021375443,0.00562404853999479,-0.00600375413077242,-0.00531857478310565,-0.00657497356137023,-0.000685179347666771,0.00393326594585794,-0.0110029402097681,0.0044342973725569,-0.00425131855982794,0.00393326594585794,0.0110029402097681,0.0044342973725569,0.00425131855982794,0.00657497356137023,0.000685179347666771,0.011684830947026,0.00614302064829693,0.00661057849746803
"WxT_74.",0.195036667576195,0.205696078974897,0.0331343879503208,0.0231508951200579,0.00244782617851868,-0.00651445956603777,0.0107847230080857,-0.00512414790866601,-9.35229755669158e-05,0.00202499602186721,-0.00416402624984668,0.00371555635938954,-0.00211851899743412,-0.00787958260923622,-0.0106594113987017,0.00998349283026291,0.00896228574455645,0.0159088709167518,0.0106594113987017,0.00998349283026291,0.00896228574455645,0.0159088709167518,0.00211851899743412,0.00787958260923622,0.0146045602624209,0.01825964785019,0.00815940836324958
"WxT_76.",0.263890998094789,0.247572518367296,-0.00917515199606739,0.0505455959048116,-0.0137404993228035,0.0014868713385644,0.0117207354110383,0.0174643519577016,0.00674204025523114,0.00267153607938517,-0.00460564234674833,-0.0031583133709722,0.00407050417584597,-0.00144732897577613,0.0163184797274937,-0.059720747900879,-0.0152273706613679,-0.00574361654666333,0.0163184797274937,0.059720747900879,0.0152273706613679,0.00574361654666333,0.00407050417584597,0.00144732897577613,0.0619101002297442,0.0162745798192701,0.0043201580306397
"WxT_77.",0.256839221948039,0.22369206609001,-0.0213171245321706,0.039222481502329,-0.0169899325165132,-0.00130626349418106,0.0146779818757752,-0.00704139368097842,0.0111086366390918,-0.00102915641147887,0.000764663166572849,0.00787958721310817,0.0121377930505707,-0.00711492404653532,0.0331471558580288,-0.0605396060344996,-0.0156836690223321,0.0217193755567537,0.0331471558580288,0.0605396060344996,0.0156836690223321,0.0217193755567537,0.0121377930505707,0.00711492404653532,0.0690201263421683,0.0267900867594222,0.0140694052584482
"WxT_78.",0.26510835412074,0.148518194556033,0.0192906274589114,0.0151592703625839,-0.000997642623978949,-0.00162683428391092,0.00409491753411859,0.00458069180645318,-0.00336711814398845,0.0016391859895822,0.00476108494977703,-0.00261843745076436,-0.00500630413357065,0.00737952240054139,0.116590159564707,0.00413135709632753,0.000629191659931975,-0.000485774272334591,0.116590159564707,0.00413135709632753,0.000629191659931975,0.000485774272334591,0.00500630413357065,0.00737952240054139,0.116663333651929,0.00079489545764846,0.00891742294263868
"WxT_9.",0.361777255936728,0.270321300411451,0.000380949746528352,0.0239980594461214,-0.0141668656436556,-0.0062264979350575,0.0183731920515152,0.01291416125053,0.00984337982006261,0.00366940062459794,-0.0136963970209623,-0.00622542254809454,0.00617397919546466,-0.00747097447286775,0.0914559555252775,-0.023617109699593,-0.00794036770859808,0.00545903080098523,0.0914559555252775,0.023617109699593,0.00794036770859808,0.00545903080098523,0.00617397919546466,0.00747097447286775,0.0944561256436243,0.0096358941792577,0.0096919285325611
