"","varmx_sd_PC1_SDLDpre","varmx_sd_PC1_SDLDpost","varmx_sd_PC1_SDSDpre","varmx_sd_PC1_SDSDpost","varmx_sd_PC2_SDLDpre","varmx_sd_PC2_SDLDpost","varmx_sd_PC2_SDSDpre","varmx_sd_PC2_SDSDpost","varmx_sd_PC1_SDLDpre_vel","varmx_sd_PC1_SDLDpost_vel","varmx_sd_PC1_SDSDpre_vel","varmx_sd_PC1_SDSDpost_vel","varmx_sd_PC2_SDLDpre_vel","varmx_sd_PC2_SDLDpost_vel","varmx_sd_PC2_SDSDpre_vel","varmx_sd_PC2_SDSDpost_vel","varmx_sd_PC1_SDLDpre_acc","varmx_sd_PC1_SDLDpost_acc","varmx_sd_PC1_SDSDpre_acc","varmx_sd_PC1_SDSDpost_acc","varmx_sd_PC2_SDLDpre_acc","varmx_sd_PC2_SDLDpost_acc","varmx_sd_PC2_SDSDpre_acc","varmx_sd_PC2_SDSDpost_acc","varmx_PC1_movement_ori_sd_SDLD","varmx_ PC2_movement_ori_sd_SDLD","varmx_ PC1_movement_ori_sd_SDSD","varmx_PC2_movement_ori_sd_SDSD ","varmx_PC1_movement_vel_sd_SDLD","varmx_PC2_movement_vel_sd_SDLD ","varmx_PC1_movement_vel_sd_SDSD ","varmx_PC2_movement_vel_sd_SDSD","varmx_PC1_movement_acc_sd_SDLD ","varmx_PC2_movement_acc_sd_SDLD ","varmx_PC1_movement_acc_sd_SDSD","varmx_PC2_movement_acc_sd_SDSD","varmx_PC1_movement_ori_sd_absSDLD","varmx_PC2_movement_ori_sd_absSDLD","varmx_PC1_movement_ori_sd_absSDSD","varmx_PC2_movement_ori_sd_absSDSD","varmx_PC1_movement_vel_sd_absSDLD","varmx_PC2_movement_vel_sd_absSDLD","varmx_PC1_movement_vel_sd_absSDSD","varmx_PC2_movement_vel_sd_absSDSD","varmx_PC1_movement_acc_sd_absSDLD","varmx_PC2_movement_acc_sd_absSDLD","varmx_PC1_movement_acc_sd_absSDSD","varmx_PC2_movement_acc_sd_absSDSD","varmx_distances_ori_sdSDLD","varmx_distances_vel_sdSDLD","varmx_distances_acc_sdSDLD","varmx_distances_ori_sdSDSD","varmx_distances_vel_sdSDSD","varmx_distances_acc_sdSDSD"
"WxT_1.",0.210588053001165,0.171958588930655,0.260133406623429,0.177262680172677,-0.199525144110549,-0.10073856888152,-0.205502124823068,-0.156745613500959,-0.0180156964049171,-0.0116316378841429,-0.0331241599678696,-0.0213952809385871,-0.00930194621503959,-0.00294057852899222,0.000626705373425842,-0.00167975792078903,0.0058892025866175,0.00473301111004132,0.0113175107110522,0.0128898091327851,-0.00582084543910207,-0.00107738585825571,-0.0148492069475094,-0.00671685054589954,0.0386294640705093,-0.0987865752290288,0.0828707264507523,-0.0487565113221089,-0.00638405852077421,-0.00636136768604737,-0.0117288790292825,0.00230646329421487,0.00115619147657618,-0.00474345958084636,-0.00157229842173288,-0.00813235640160987,0.0386294640705093,0.0987865752290288,0.0828707264507523,0.0487565113221089,0.00638405852077421,0.00636136768604737,0.0117288790292825,0.00230646329421487,0.00115619147657618,0.00474345958084636,0.00157229842173288,0.00813235640160987,0.106070839253092,0.00901239158235801,0.00488233422920129,0.0961496474188978,0.0119535089497228,0.00828295496606065
"WxT_10.",0.181521749758573,0.146307879722679,0.214872274918976,0.195790839796352,-0.189449914466919,-0.0838412136744285,-0.132499172302853,-0.173488227254115,-0.00951647656059663,-0.00672276265823211,-0.0242607243428113,-0.017496735984357,-0.0211514462738184,0.00345979564394075,-0.00852061444179972,-0.0109846541117672,0.00328887613389647,0.00326776215926698,0.0148448017648461,0.00839659653464123,0.00189701962092934,-0.000485700809933668,-0.00178221055671233,0.00083610432077566,0.0352138700358944,-0.10560870079249,0.0190814351226234,0.0409890549512628,-0.00279371390236452,-0.0246112419177592,-0.00676398835845432,0.00246403966996751,2.11139746294914e-05,0.00238272043086301,0.00644820523020489,-0.00261831487748799,0.0352138700358944,0.10560870079249,0.0190814351226234,0.0409890549512628,0.00279371390236452,0.0246112419177592,0.00676398835845432,0.00246403966996751,2.11139746294914e-05,0.00238272043086301,0.00644820523020489,0.00261831487748799,0.111324814511332,0.0247692968431228,0.00238281397754349,0.0452128719739912,0.00719882143190669,0.0069595203490267
"WxT_11.",0.170242093843385,0.139584975061938,0.146933785268439,0.134311647955981,-0.1562213362044,-0.0969322091378156,-0.0906227929682161,-0.0929143507124017,-0.0164475814732572,-0.00887285005066879,-0.00757682075393919,-0.0136320120194022,0.00443466425163507,-0.00324581580677883,-0.00270749086695371,0.00331035934897049,0.00153873452229336,0.0031150114192092,0.00165346979235267,0.00592481864670439,-0.00676406405010236,-0.00196789135664657,-0.00325159631747525,-0.00363144175861502,0.0306571187814464,-0.0592891270665849,0.012622137312458,0.00229155774418553,-0.00757473142258842,0.0076804800584139,0.006055191265463,-0.00601785021592421,-0.00157627689691584,-0.00479617269345579,-0.00427134885435173,0.000379845441139772,0.0306571187814464,0.0592891270665849,0.012622137312458,0.00229155774418553,0.00757473142258842,0.0076804800584139,0.006055191265463,0.00601785021592421,0.00157627689691584,0.00479617269345579,0.00427134885435173,0.000379845441139772,0.0667462322554416,0.0107873226544886,0.00504855636407098,0.0128284678441925,0.00853697033394391,0.00428820517171537
"WxT_12.",0.160418036651761,0.14407569512041,0.171806024933638,0.146886800415163,-0.162148492669585,-0.086532120835554,-0.128154183281465,-0.12641704748553,-0.0140821247671739,-0.00394175588936564,-0.0137384801549203,-0.0105472095142045,-0.00744562753353542,-0.00446116816073397,-0.00922036342483246,-0.0063524463125798,0.00352920720995767,0.00139627137390837,0.007097724673107,0.00434343566559231,-0.0026345042429567,0.000664751013707319,0.00163830231661945,0.00036070556252453,0.0163423415313511,-0.0756163718340313,0.0249192245184754,-0.00173713579593507,-0.0101403688778082,-0.00298445937280144,-0.00319127064071579,-0.00286791711225266,0.0021329358360493,-0.00329925525666402,0.00275428900751469,0.00127759675409492,0.0163423415313511,0.0756163718340313,0.0249192245184754,0.00173713579593507,0.0101403688778082,0.00298445937280144,0.00319127064071579,0.00286791711225266,0.0021329358360493,0.00329925525666402,0.00275428900751469,0.00127759675409492,0.0773621859571574,0.0105704341786856,0.00392867668933554,0.0249796995853775,0.00429058933773045,0.00303617545655552
"WxT_13.",0.184281239142215,0.151244404176352,0.196832341267018,0.123568254234959,-0.16199635963996,-0.0882479948274939,-0.109724233269323,-0.0937884162605496,-0.0109745384414734,-0.00714557667512302,-0.0128982456441548,-0.0141410738271609,-0.00448795744338641,0.00160829154083041,-0.00125689717893206,0.0111516221197766,0.000672364445098025,0.000849996792094915,0.0100503493783255,0.00590504635162509,-0.00263320409538389,-0.00152492707313489,0.000657736605186954,-0.00233868922871961,0.0330368349658627,-0.0737483648124663,0.0732640870320586,-0.0159358170087736,-0.00382896176635038,-0.00609624898421682,0.00124282818300611,-0.0124085192987086,-0.00017763234699689,-0.00110827702224899,0.00414530302670046,0.00299642583390656,0.0330368349658627,0.0737483648124663,0.0732640870320586,0.0159358170087736,0.00382896176635038,0.00609624898421682,0.00124282818300611,0.0124085192987086,0.00017763234699689,0.00110827702224899,0.00414530302670046,0.00299642583390656,0.0808099856272371,0.00719897214091967,0.00112242202791317,0.0749771746091981,0.0124706043590076,0.00511489051312681
"WxT_14.",0.183707618264585,0.155366698798723,0.178741232769849,0.170955327067939,-0.137610041525323,-0.0886556372781266,-0.114016088600641,-0.0951599621204811,-0.00558915735521024,-0.00760016806573877,-0.0152624811194653,-0.0133064934785491,-0.00785817844047302,-0.00433057542149535,-0.0131487646287594,-0.00497188255948973,0.00571005441309358,0.00312003809331927,0.00937607923365706,0.00761008295750305,0.00289225246563941,-0.000293857055402463,0.00267828579954912,0.00165432262613133,0.0283409194658618,-0.0489544042471964,0.00778590570190971,-0.0188561264801601,0.00201101071052852,-0.00352760301897768,-0.00195598764091623,-0.00817688206926963,0.00259001631977432,0.00318610952104187,0.00176599627615401,0.00102396317341779,0.0283409194658618,0.0489544042471964,0.00778590570190971,0.0188561264801601,0.00201101071052852,0.00352760301897768,0.00195598764091623,0.00817688206926963,0.00259001631977432,0.00318610952104187,0.00176599627615401,0.00102396317341779,0.0565662568265603,0.00406055995367152,0.004106029519715,0.0204003390519576,0.00840757325428451,0.00204138272450456
"WxT_15.",0.186051750133744,0.156562778218013,0.16866689149785,0.179537410252292,-0.144704636073249,-0.0838828150578382,-0.151553226993352,-0.0982308066690569,-0.00882776559619298,-0.00563407974965381,-0.0181773526903632,-0.00964502713727389,-0.00633362947512211,0.000846931596734523,-0.0200506714281797,-0.0062019555595475,-0.000289663071256102,0.00110663893077626,0.0107744221141335,0.00572926504833462,0.000961916926509691,-0.000823755294229018,0.00418699343205124,-0.00265110064398067,0.0294889719157313,-0.0608218210154104,-0.0108705187544414,-0.0533224203242955,-0.00319368584653917,-0.00718056107185663,-0.00853232555308929,-0.0138487158686322,-0.00139630200203236,0.00178567222073871,0.00504515706579885,0.00683809407603191,0.0294889719157313,0.0608218210154104,0.0108705187544414,0.0533224203242955,0.00319368584653917,0.00718056107185663,0.00853232555308929,0.0138487158686322,0.00139630200203236,0.00178567222073871,0.00504515706579885,0.00683809407603191,0.0675935897572943,0.00785875859109106,0.00226677845428209,0.0544191941067809,0.0162661461494112,0.00849783151228846
"WxT_16.",0.158801936017635,0.147062842253799,0.156852552837423,0.182138170266126,-0.125389396786204,-0.0847504510027406,-0.120441695464354,-0.112265200788357,-0.0150021404188012,-0.000833101747498863,-0.0129637983889622,-0.014973521269238,0.00149546907465159,-0.00292750820182537,-0.0132722496091537,-0.00892848333619266,0.00388445125665736,-0.000711555972730025,0.00701922474750159,0.00974152831129062,-0.00497731038133729,0.00179740405040953,0.00279792271191437,0.00171540346555788,0.0117390937638369,-0.0406389457834638,-0.0252856174287025,-0.0081764946759972,-0.0141690386713023,0.00442297727647696,0.00200972288027579,-0.00434376627296109,0.00459600722938738,-0.00677471443174682,-0.00272230356378904,0.00108251924635649,0.0117390937638369,0.0406389457834638,0.0252856174287025,0.0081764946759972,0.0141690386713023,0.00442297727647696,0.00200972288027579,0.00434376627296109,0.00459600722938738,0.00677471443174682,0.00272230356378904,0.00108251924635649,0.0423004756094712,0.0148433279576075,0.00818657670117979,0.0265747533184659,0.00478615623330646,0.00292963899007211
"WxT_17.",0.180884383423188,0.148592147305029,0.188277638474367,0.226475692805912,-0.147774030387361,-0.0831900183055242,-0.159340934589087,-0.139822388261532,-0.0157184972786603,-0.00659277835222953,-0.0308682003785536,-0.0229455763692796,-0.00768680801866376,-0.00656168397763042,-0.000649598072516922,0.00315050491017729,0.00354830473987188,0.00444769203735536,0.00634728126251924,0.0129509404129804,-0.00235991653703138,0.000226680071049516,-0.0105181924398901,-0.0106080506835292,0.0322922361181587,-0.0645840120818368,-0.0381980543315453,-0.0195185463275546,-0.00912571892643073,-0.00112512404103334,-0.00792262400927404,-0.00380010298269421,-0.000899387297483479,-0.0025865966080809,-0.00660365915046117,8.98582436390984e-05,0.0322922361181587,0.0645840120818368,0.0381980543315453,0.0195185463275546,0.00912571892643073,0.00112512404103334,0.00792262400927404,0.00380010298269421,0.000899387297483479,0.0025865966080809,0.00660365915046117,8.98582436390984e-05,0.0722072235312905,0.00919481647625047,0.00273849950224758,0.0428959788961224,0.00878685119206003,0.00660427048805691
"WxT_18.",0.156270166266813,0.145992815674469,0.107298771925662,0.157817191051498,-0.121190318229928,-0.086957045764137,-0.0860123400136979,-0.0834503264339563,-0.0122636579913411,-0.0104167858950634,-0.00993846348177668,-0.0156389650432854,0.00192017592447019,-0.00199362273726977,-0.00789913877129608,-0.00938377575263416,0.00291417861316007,0.00297040648343839,0.00460916316192075,0.00892246040015801,-0.00232055699930668,-0.0027782675657929,0.00169672016034523,-0.00025569345342878,0.0102773505923441,-0.0342332724657912,-0.0505184191258368,-0.00256201357974155,-0.00184687209627762,0.00391379866173996,0.00570050156150869,0.00148463698133808,-5.62278702783184e-05,0.000457710566486218,-0.00431329723823726,0.00195241361377401,0.0102773505923441,0.0342332724657912,0.0505184191258368,0.00256201357974155,0.00184687209627762,0.00391379866173996,0.00570050156150869,0.00148463698133808,5.62278702783184e-05,0.000457710566486218,0.00431329723823726,0.00195241361377401,0.035742703855683,0.00432767333617574,0.000461151315805528,0.0505833429555273,0.00589065913282374,0.00473460156556338
"WxT_19.",0.202447564742114,0.162919210460875,0.1368533756735,0.16459505896184,-0.155123615355649,-0.0859352190790171,-0.095708084135687,-0.100260219743227,-0.012520848015021,-0.00214647322763635,-0.00680886236360587,-0.00501085579977825,-0.0172011582129354,-0.00218802912363442,-0.0183046617097576,-0.00600407369025881,0.00476188898482479,5.32125331604567e-05,0.00397742264656179,0.00404909963113539,0.00156723146848519,-0.0012308873297027,0.00560364323671269,0.00798764631760536,0.0395283542812388,-0.0691883962766318,-0.0277416832883401,0.0045521356075395,-0.0103743747873847,-0.015013129089301,-0.00179800656382762,-0.0123005880194988,0.00470867645166433,0.00279811879818789,-7.16769845735968e-05,-0.00238400308089267,0.0395283542812388,0.0691883962766318,0.0277416832883401,0.0045521356075395,0.0103743747873847,0.015013129089301,0.00179800656382762,0.0123005880194988,0.00470867645166433,0.00279811879818789,7.16769845735968e-05,0.00238400308089267,0.0796839066029984,0.018248882083052,0.00547732623962008,0.0281126827296862,0.012431302957816,0.00238508035081071
"WxT_2.",0.183404799763753,0.188374501773181,0.142535242516588,0.166615543062146,-0.152737149006683,-0.0947583200846928,-0.114328900304005,-0.107813472381439,-0.014784857412961,-0.00445059997354828,-0.00788044634157854,-0.0133422369282376,-0.00133034317439531,-0.0050933593073553,-0.0109552498662114,-0.00832280948836195,0.00464224455622892,0.00538917743990324,0.00896841721504839,0.00605542018071155,-0.00304842602207811,0.00466602028301615,0.00105628111382589,-0.00165938631610138,-0.00496970200942859,-0.05797882892199,-0.0240803005455584,-0.00651542792256622,-0.0103342574394128,0.00376301613295999,0.00546179058665908,-0.00263244037784949,-0.000746932883674322,-0.00771444630509426,0.00291299703433684,0.00271566742992727,0.00496970200942859,0.05797882892199,0.0240803005455584,0.00651542792256622,0.0103342574394128,0.00376301613295999,0.00546179058665908,0.00263244037784949,0.000746932883674322,0.00771444630509426,0.00291299703433684,0.00271566742992727,0.0581914301356128,0.0109980528840779,0.00775052195190082,0.024946175566178,0.00606307667405337,0.00398251193495048
"WxT_21.",0.171793409167753,0.151038176768248,0.201682197253346,0.15522455750367,-0.1518450303596,-0.0965767795392037,-0.169500016170453,-0.109754003639974,-0.0137890509941502,-0.00233042164979714,-0.0134071555760766,-0.00360618599247703,-0.00846269032042399,-0.00406386086395401,-0.0201233202410846,-0.00231606471510768,0.00434989850403208,0.00160563881026041,0.00642438347591778,0.000961668549264097,-0.000295643377517177,0.00276705870449107,0.00933308068521017,0.00316837109168961,0.0207552323995047,-0.0552682508203963,0.0464576397496761,-0.0597460125304788,-0.011458629344353,-0.00439882945646998,-0.00980096958359955,-0.0178072555259769,0.00274425969377167,-0.00306270208200825,0.00546271492665369,0.00616470959352056,0.0207552323995047,0.0552682508203963,0.0464576397496761,0.0597460125304788,0.011458629344353,0.00439882945646998,0.00980096958359955,0.0178072555259769,0.00274425969377167,0.00306270208200825,0.00546271492665369,0.00616470959352056,0.0590369309898786,0.01227395156575,0.00411231143154278,0.0756828798633008,0.0203262725098843,0.00823680148736932
"WxT_22.",0.1527178832352,0.148781866234444,0.188037878223873,0.156631210491026,-0.139398612442797,-0.0686918750345518,-0.121245532137195,-0.10611941960248,-0.013411749669644,-0.00312725035174368,-0.0122671430032558,-0.0178507935924971,-0.00785201421866865,0.00410400321085064,-0.0106892245784423,-0.00433484780576994,0.00188397801303875,0.00129705239186996,0.00495191728399834,0.00499009379160745,-0.000387280024898605,-0.00136580795439776,0.000768939097343863,-0.00328038283809362,0.00393601700075658,-0.0707067374082451,0.0314066677328476,-0.0151261125347157,-0.0102844993179004,-0.0119560174295193,0.00558365058924136,-0.00635437677267239,0.000586925621168791,0.000978527929499151,-3.81765076091136e-05,0.00404932193543749,0.00393601700075658,0.0707067374082451,0.0314066677328476,0.0151261125347157,0.0102844993179004,0.0119560174295193,0.00558365058924136,0.00635437677267239,0.000586925621168791,0.000978527929499151,3.81765076091136e-05,0.00404932193543749,0.0708162053823048,0.0157707729358729,0.00114105152977167,0.0348594041614939,0.00845903410986229,0.00404950189314049
"WxT_23.",0.199686520505943,0.155097526039611,0.169701935911492,0.15480547245666,-0.172024310064034,-0.106695480811512,-0.110085248072111,-0.110947245951255,-0.0056490504651624,-0.00705388900273309,-0.0142175271502549,-0.0115120744724538,-0.010031421303509,-0.00542754941747896,-0.000285485784554989,-0.00483931416179702,0.0042286372386292,0.0032123369929584,0.00652744988142414,0.00624349446861446,0.00411810354804831,-0.000965021546504055,-0.00226712244650545,0.000908902145773232,0.0445889944663318,-0.0653288292525223,0.0148964634548322,0.000861997879144524,0.00140483853757069,-0.00460387188603001,-0.00270545267780107,0.00455382837724203,0.0010163002456708,0.00508312509455237,0.000283955412809677,-0.00317602459227868,0.0445889944663318,0.0653288292525223,0.0148964634548322,0.000861997879144524,0.00140483853757069,0.00460387188603001,0.00270545267780107,0.00455382837724203,0.0010163002456708,0.00508312509455237,0.000283955412809677,0.00317602459227868,0.0790950969341575,0.00481344031433041,0.00518372712594119,0.0149213827712046,0.00529686955485934,0.00318869297475045
"WxT_24.",0.139514471415098,0.140539116467803,0.151810042876721,0.138299223854662,-0.126270698698992,-0.0829240983224179,-0.0986500424896746,-0.0965097901736565,-0.012073104723598,-0.00411974849881501,-0.00882538783112134,-0.0127654120388016,-0.00361387520768938,-0.000305087617470754,-0.00769519287844142,0.00252267202807794,0.00357578539458213,0.00309670889498415,0.0053187157783772,0.00666553992909491,-4.56766434801209e-05,0.00137083302543742,0.000415055659964513,-0.00394396588262873,-0.00102464505270533,-0.0433466003765742,0.0135108190220592,-0.00214025231601811,-0.00795335622478299,-0.00330878759021862,0.00394002420768025,-0.0102178649065194,0.000479076499597979,-0.00141650966891755,-0.00134682415071771,0.00435902154259324,0.00102464505270533,0.0433466003765742,0.0135108190220592,0.00214025231601811,0.00795335622478299,0.00330878759021862,0.00394002420768025,0.0102178649065194,0.000479076499597979,0.00141650966891755,0.00134682415071771,0.00435902154259324,0.0433587091792463,0.00861417149559255,0.00149533071078071,0.0136792876504245,0.0109511896159726,0.00456234633732999
"WxT_25.",0.16962795311976,0.183932840525561,0.161329180006185,0.150727822059586,-0.167206830327996,-0.105079370807065,-0.104082689601053,-0.122053426769565,-0.0149700144749453,-0.0126926532930572,-0.0124375303596079,-0.0145353087084007,-0.00740841577272429,-0.00113073975477465,-0.00114248531728318,-0.00793759586267946,0.00146931170491964,0.00298218111976601,0.00337770355401245,0.00657175221183211,-0.00510445178984279,-0.00273779418785537,-0.00219736454169011,0.000422471119910931,-0.0143048874058014,-0.0621274595209308,0.0106013579465985,0.0179707371685122,-0.00227736118188814,-0.00627767601794964,0.00209777834879278,0.00679511054539629,-0.00151286941484637,-0.00236665760198741,-0.00319404865781966,-0.00261983566160104,0.0143048874058014,0.0621274595209308,0.0106013579465985,0.0179707371685122,0.00227736118188814,0.00627767601794964,0.00209777834879278,0.00679511054539629,0.00151286941484637,0.00236665760198741,0.00319404865781966,0.00261983566160104,0.0637530472229959,0.00667799297237657,0.00280888626886572,0.0208647114691685,0.00711155407241058,0.00413103930292562
"WxT_26.",0.147894010517308,0.144383386621543,0.199286365626633,0.181589793173799,-0.176333783923027,-0.097903458440454,-0.126328430996836,-0.132140204719357,-0.0231486695749112,-0.00848745139703408,-0.0150650235511657,-0.0233116026973706,-0.0129156498617756,-0.00113683673222133,-0.00447264273716845,-9.27900002759845e-05,0.00669346157267584,0.00241835281079972,0.00920408243370974,0.0123330994263473,-0.0036046901287285,-0.00130811798575038,-0.000949257596036811,-0.00589098725068475,0.00351062389576473,-0.0784303254825731,0.0176965724528338,0.00581177372252029,-0.0146612181778771,-0.0117788131295543,0.00824657914620496,-0.00437985273689247,0.00427510876187612,-0.00229657214297812,-0.00312901699263754,0.00494172965464794,0.00351062389576473,0.0784303254825731,0.0176965724528338,0.00581177372252029,0.0146612181778771,0.0117788131295543,0.00824657914620496,0.00437985273689247,0.00427510876187612,0.00229657214297812,0.00312901699263754,0.00494172965464794,0.0785088557771661,0.0188066944783042,0.0048529164977128,0.0186264701535254,0.00933751453072427,0.00584905456632449
"WxT_27.",0.159104449018796,0.133011544147585,0.158736805384241,0.168714005797687,-0.143321311552448,-0.0669414261930602,-0.0968126244564062,-0.119896427179491,-0.00820745898232603,-0.00320350802299851,-0.0150000021636375,-0.00854060434018061,-0.0123859173176161,0.00140107425343918,-0.00166186047667599,-0.0100795982955359,0.00206264286671378,0.00224152906203709,0.0067452763574011,0.0059599610065165,0.00275793414512605,0.00100114410670979,-0.00185927732258492,0.00423647737320391,0.0260929048712111,-0.0763798853593876,-0.00997720041344533,0.0230838027230848,-0.00500395095932753,-0.0137869915710553,-0.00645939782345692,0.00841773781885996,-0.000178886195323308,0.00175679003841627,0.000785315350884609,-0.00609575469578883,0.0260929048712111,0.0763798853593876,0.00997720041344533,0.0230838027230848,0.00500395095932753,0.0137869915710553,0.00645939782345692,0.00841773781885996,0.000178886195323308,0.00175679003841627,0.000785315350884609,0.00609575469578883,0.0807138561346889,0.0146669922541639,0.00176587414895736,0.025147693258992,0.0106104726675462,0.00614613256540783
"WxT_28.",0.172859588414212,0.154062267296401,0.163277947320414,0.144923430482092,-0.124303506039939,-0.0780607691911763,-0.101923761375175,-0.103990316827727,-0.00205241439576995,-0.00528543789249763,-0.0107581705730922,-0.0135934527718016,-0.014285709382187,-0.00649945123882031,0.00288855488765929,-0.000869988353676397,-0.000162572241637429,0.00302431093120172,0.000884860671648963,0.0066918821560615,0.00547874444405976,0.00230228229413612,-0.00418763346521579,-0.00150442094528545,0.0187973211178106,-0.0462427368487623,0.0183545168383213,0.00206655545255204,0.00323302349672767,-0.00778625814336674,0.00283528219870935,0.00375854324133569,-0.00318688317283915,0.00317646214992364,-0.00580702148441254,-0.00268321251993034,0.0187973211178106,0.0462427368487623,0.0183545168383213,0.00206655545255204,0.00323302349672767,0.00778625814336674,0.00283528219870935,0.00375854324133569,0.00318688317283915,0.00317646214992364,0.00580702148441254,0.00268321251993034,0.0499172314183186,0.00843079218137526,0.00449957066254358,0.0184704883478129,0.00470802213708775,0.00639696240004111
"WxT_29.",0.154601112004896,0.159379329751294,0.17920149437423,0.163343149150493,-0.137871241521414,-0.0908285538399544,-0.133251818131786,-0.145079536635679,-0.00877444514120926,-0.00492223022667186,-0.0168047936030745,-0.010687836216818,-0.00930639450323992,-0.000311494194599924,-0.0164438557980219,-0.00490217287976344,0.00317536038716919,0.00197055938541773,0.00662326599786936,0.00181731604540147,0.00159226304925706,0.00104481829645343,0.00241908253721357,0.00076855646307635,-0.00477821774639786,-0.0470426876814592,0.0158583452237373,0.0118277185038927,-0.00385221491453741,-0.00899490030864,-0.00611695738625648,-0.0115416829182585,0.00120480100175147,0.000547444752803623,0.0048059499524679,0.00165052607413722,0.00477821774639786,0.0470426876814592,0.0158583452237373,0.0118277185038927,0.00385221491453741,0.00899490030864,0.00611695738625648,0.0115416829182585,0.00120480100175147,0.000547444752803623,0.0048059499524679,0.00165052607413722,0.0472847314587628,0.00978508003596068,0.00132334470611158,0.0197833778269171,0.01306245046884,0.00508147530418411
"WxT_3.",0.194559040178403,0.184868137564627,0.186414745260456,0.164117658141653,-0.153131456175446,-0.080811369050579,-0.117872689141353,-0.103548983889807,-0.0161569549557304,-0.00237905442925242,-0.0053201924871801,-0.00199057270249756,-0.001381569340307,-0.000688078050301127,0.00505043803976911,-0.0028794815749263,0.00412400575574766,0.00466111195848236,-0.000309959059276816,0.00131210098114608,-0.00456587297896012,0.00123002788453561,-0.000938040961510915,0.00172536353949882,0.00969090261377609,-0.0723200871248666,0.0222970871188022,-0.0143237052515455,-0.013777900526478,-0.000693491290005876,-0.00332961978468254,0.00792991961469541,-0.000537106202734707,-0.00579590086349573,-0.00162206004042289,-0.00266340450100974,0.00969090261377609,0.0723200871248666,0.0222970871188022,0.0143237052515455,0.013777900526478,0.000693491290005876,0.00332961978468254,0.00792991961469541,0.000537106202734707,0.00579590086349573,0.00162206004042289,0.00266340450100974,0.0729664895360739,0.0137953424418111,0.00582073448050043,0.0265014834701118,0.00860058096910206,0.00311846152946219
"WxT_30.",0.161629373582893,0.149158540098946,0.189219414573352,0.186418610775427,-0.135021575805406,-0.0913174652730409,-0.0860009895528067,-0.0906060237047912,-0.0118417777157968,-0.00758634078980091,-0.0159696042269361,-0.0120253292828283,-0.00626884091638844,-0.00170271428784551,0.00293878520767483,-0.00319990583586168,0.0011476931680513,0.00141664128052692,0.0102326639259883,0.00573323279783669,-0.00159990645966648,-0.00197961067427127,-0.00562363645431552,-0.000189566035139539,0.0124708334839472,-0.0437041105323648,0.00280080379792538,0.00460503415198454,-0.00425543692599593,-0.00456612662854293,-0.00394427494410783,0.00613869104353651,-0.000268948112475617,0.000379704214604784,0.00449943112815164,-0.00543407041917599,0.0124708334839472,0.0437041105323648,0.00280080379792538,0.00460503415198454,0.00425543692599593,0.00456612662854293,0.00394427494410783,0.00613869104353651,0.000268948112475617,0.000379704214604784,0.00449943112815164,0.00543407041917599,0.0454485529495659,0.00624165489425829,0.000465304607534498,0.00538988325062958,0.00729663159017312,0.00705506922698449
"WxT_31.",0.173120888298156,0.144964282873741,0.148848751402015,0.174516306382878,-0.142175674389757,-0.089891375555087,-0.120466893969771,-0.102078112033947,-0.00513396071542297,-0.00959040273067348,-0.0130788871516517,-0.0154771443202651,-0.00854943750563269,-0.000359015331453992,-0.00820067705613127,0.00762962334580217,0.00433583014585347,0.00390834708215428,0.00585671021567604,0.00277276252865026,0.0025700775640789,5.57396614260628e-07,-0.00128823464349569,-0.00717581823935257,0.0281566054244153,-0.0522842988346704,-0.0256675549808636,-0.0183887819358248,0.00445644201525051,-0.00819042217417869,0.00239825716861337,-0.0158303004019334,0.000427483063699184,0.00256952016746464,0.00308394768702578,0.00588758359585688,0.0281566054244153,0.0522842988346704,0.0256675549808636,0.0183887819358248,0.00445644201525051,0.00819042217417869,0.00239825716861337,0.0158303004019334,0.000427483063699184,0.00256952016746464,0.00308394768702578,0.00588758359585688,0.0593838558335456,0.00932431717749713,0.00260483697393084,0.0315748425139219,0.0160109352713156,0.00664638051382214
"WxT_34.",0.166739250713745,0.19297266626621,0.181888461759099,0.201769515730329,-0.162707851996785,-0.0926119047360733,-0.0590222835197316,-0.111881305651431,-0.0210938482361429,-0.0053153031467945,-0.000129334600898569,-0.0121961804851314,-0.00924999059642829,0.00199048068099945,-0.00936863076474225,0.00282952084806722,0.00553454454421815,-0.000669577574081918,0.0018249684890134,0.00158396952536146,-0.00266993417477063,-0.000410134828298747,0.00156512127995633,-0.00418770256593314,-0.0262334155524653,-0.0700959472607114,-0.0198810539712294,0.0528590221316996,-0.0157785450893484,-0.0112404712774277,0.0120668458842328,-0.0121981516128095,0.00620412211830007,-0.00225979934647188,0.000240998963651941,0.00575282384588947,0.0262334155524653,0.0700959472607114,0.0198810539712294,0.0528590221316996,0.0157785450893484,0.0112404712774277,0.0120668458842328,0.0121981516128095,0.00620412211830007,0.00225979934647188,0.000240998963651941,0.00575282384588947,0.0748440639858952,0.0193729367849916,0.00660286485891502,0.0564741757596022,0.0171581954867903,0.00575786963227858
"WxT_35.",0.222148457375997,0.19389275166884,0.136447947911185,0.162610028951232,-0.195546191580002,-0.0996810557636333,-0.171833674048592,-0.0872236446551262,-0.0093788539455925,-0.000731532172218994,-0.0159008579417544,-0.0205296518669573,-0.0252393073237781,0.00134455133556316,-0.0343595334639422,0.00499218119223722,0.00256998005299086,0.000393219027940953,0.00556591649370419,0.005681887805965,0.00494029647762616,0.000651923095765208,0.0109874246658132,-0.00692901005913243,0.0282557057071579,-0.0958651358163685,-0.026162081040047,-0.0846100293934658,-0.00864732177337351,-0.0265838586593412,0.00462879392520291,-0.0393517146561794,0.0021767610250499,0.00428837338186095,-0.000115971312260812,0.0179164347249456,0.0282557057071579,0.0958651358163685,0.026162081040047,0.0846100293934658,0.00864732177337351,0.0265838586593412,0.00462879392520291,0.0393517146561794,0.0021767610250499,0.00428837338186095,0.000115971312260812,0.0179164347249456,0.0999425293361155,0.0279549229130057,0.0048092031379876,0.0885624726298286,0.0396230132572393,0.0179168100564387
"WxT_36.",0.19241349266429,0.154130304308003,0.176501881859943,0.187070860505544,-0.168962369228594,-0.0867893739670372,-0.105739708297197,-0.14351448756183,-0.0158442787486391,-0.00617596257438718,-0.0119935593673821,-0.0255283961905648,-0.0168019023060305,-0.00467888262755895,-0.00590461886059444,-0.00267306346369034,0.00767753441308283,0.00393313891649947,0.0057314652463099,0.0102239872996365,0.00227054500437779,0.000609148570371618,-0.000807689388438334,-0.0038595917052518,0.0382831883562879,-0.0821729952615568,-0.0105689786456005,0.0377747792646323,-0.00966831617425197,-0.0121230196784715,0.0135348368231827,-0.0032315553969041,0.00374439549658336,0.00166139643400617,-0.00449252205332655,0.00305190231681346,0.0382831883562879,0.0821729952615568,0.0105689786456005,0.0377747792646323,0.00966831617425197,0.0121230196784715,0.0135348368231827,0.0032315553969041,0.00374439549658336,0.00166139643400617,0.00449252205332655,0.00305190231681346,0.0906532054644448,0.0155062549885493,0.00409642963393272,0.0392254669583786,0.0139152706805668,0.00543110137550357
"WxT_38.",0.179817890006227,0.185431511922282,0.156798503742069,0.230116974862958,-0.138484773527627,-0.118603543115009,-0.0786141394641958,-0.164960436874808,-0.00498157968512926,-0.0125267306768668,-0.00500240355326025,-0.0106192900313985,-0.0103085725406421,0.00301704168735518,-0.00704920322588606,-0.0237306551624893,0.00140851555673107,0.00417960326795425,0.00265523840906202,0.00183520581095191,0.00290527504952752,-0.0018640562750707,0.00403277955437076,0.00679625152507911,-0.00561362191605436,-0.0198812304126178,-0.0733184711208894,0.0863462974106127,0.00754515099173753,-0.0133256142279973,0.00561688647813821,0.0166814519366032,-0.00277108771122319,0.00476933132459822,0.000820032598110112,-0.00276347197070835,0.00561362191605436,0.0198812304126178,0.0733184711208894,0.0863462974106127,0.00754515099173753,0.0133256142279973,0.00561688647813821,0.0166814519366032,0.00277108771122319,0.00476933132459822,0.000820032598110112,0.00276347197070835,0.0206585593335064,0.015313435213613,0.00551592679312243,0.113275245680716,0.01760171163329,0.00288257364083798
"WxT_39.",0.164485976267105,0.177053689005338,0.141209664326399,0.16913849269679,-0.155650357302582,-0.107148540524874,-0.146033132101604,-0.0869427958970529,-0.00961868285970732,-0.00613622450393904,-0.0139904287865525,-0.00395542048938449,-0.0196344050154519,-0.00443763216752324,-0.00387538429747953,-0.00698561165533165,0.00312007392556631,0.000112780617930264,0.00378597455854867,0.00383774225621815,0.00365583214200976,0.00128293761353752,-0.00682318534282469,0.00637742474304852,-0.0125677127382329,-0.0485018167777076,-0.0279288283703909,-0.0590903362045508,-0.00348245835576829,-0.0151967728479286,-0.010035008297168,0.00311022735785212,0.00300729330763604,0.00237289452847223,-5.1767697669475e-05,-0.0132006100858732,0.0125677127382329,0.0485018167777076,0.0279288283703909,0.0590903362045508,0.00348245835576829,0.0151967728479286,0.010035008297168,0.00311022735785212,0.00300729330763604,0.00237289452847223,5.1767697669475e-05,0.0132006100858732,0.0501036289524927,0.0155906837948565,0.00383072336268308,0.0653581462934009,0.0105059462087792,0.0132007115919476
"WxT_4.",0.174001476029633,0.184266130104486,0.191438608661784,0.148539040051873,-0.162907574206403,-0.108971815847755,-0.16517861583866,-0.12277780184051,-0.0143301968403883,-0.00619330430498073,-0.0170082566169048,-0.0177648293740743,-0.0100939122167533,0.000453998609940773,-0.0113192854541403,-0.00332893578421415,0.00353615336071584,0.0021683446205732,0.0063256518828547,0.0102228301507603,-0.0022758767026162,1.0367651082252e-05,-0.000937220589193011,-0.000532888963616492,-0.0102646540748537,-0.0539357583586489,0.0428995686099106,-0.0424008139981493,-0.00813689253540755,-0.010547910826694,0.000756572757169467,-0.00799034966992613,0.00136780874014265,-0.00228624435369845,-0.00389717826790562,-0.000404331625576519,0.0102646540748537,0.0539357583586489,0.0428995686099106,0.0424008139981493,0.00813689253540755,0.010547910826694,0.000756572757169467,0.00799034966992613,0.00136780874014265,0.00228624435369845,0.00389717826790562,0.000404331625576519,0.0549038172898659,0.0133216906937768,0.00266417229068029,0.0603175100167612,0.00802608809972702,0.003918096797589
"WxT_40.",0.220940766302487,0.193197970327837,0.232634627347602,0.200850116000256,-0.178917086523449,-0.0957413967599169,-0.134862664014709,-0.0855778359138198,-0.00758591066710426,-0.00391372110688564,-0.0188000902846406,-0.00801831358395269,-0.0212288287289046,-0.0052502390070153,-0.00974462975151166,-0.00667784204279986,0.00152040648971859,0.0024204137065951,0.013382550710679,0.00515875236170618,0.00260401334461093,0.00159269403041349,0.00189067269575513,0.0019512255887605,0.0277427959746504,-0.0831756897635325,0.031784511347346,-0.0492848281008896,-0.00367218956021862,-0.0159785897218893,-0.0107817767006879,-0.00306678770871179,-0.000900007216876506,0.00101131931419744,0.00822379834897284,-6.05528930053675e-05,0.0277427959746504,0.0831756897635325,0.031784511347346,0.0492848281008896,0.00367218956021862,0.0159785897218893,0.0107817767006879,0.00306678770871179,0.000900007216876506,0.00101131931419744,0.00822379834897284,6.05528930053675e-05,0.0876804316602655,0.0163951305474109,0.00135380195955634,0.0586451143960331,0.0112094556368185,0.00822402127535062
"WxT_41.",0.173254856595837,0.22158999937211,0.176774238912639,0.180615505853339,-0.178693400743843,-0.134567801832001,-0.148224844452701,-0.099747334396492,-0.0143059968745019,-0.011379335944864,-0.0186356776613216,-0.0114898765209154,-0.0188094457578288,-0.00724379206355102,-0.00136944055127787,-0.00579461553481127,0.00476327786384206,0.00524888073332272,0.0110061085543976,0.00344486990839843,-0.000926287829661679,-0.000644148921434,-0.00687378464301107,-0.00296590741036105,-0.0483351427762728,-0.0441255989118419,-0.00384126694069978,-0.0484775100562092,-0.00292666092963795,-0.0115656536942777,-0.00714580114040612,0.0044251749835334,-0.000485602869480663,-0.00028213890822768,0.00756123864599917,-0.00390787723265001,0.0483351427762728,0.0441255989118419,0.00384126694069978,0.0484775100562092,0.00292666092963795,0.0115656536942777,0.00714580114040612,0.0044251749835334,0.000485602869480663,0.00028213890822768,0.00756123864599917,0.00390787723265001,0.0654473414779502,0.0119302007348171,0.000561615981239637,0.0486294593118161,0.008405037035797,0.00851139438207487
"WxT_42.",0.161436194443368,0.164369217441985,0.165753937701279,0.141737862351268,-0.146262257824507,-0.124590894365523,-0.129426008179004,-0.101769621915028,-0.0090961013083785,-0.0110579932183779,0.00764262180715447,-0.00417865185798618,-0.0131449812372451,-0.007498318823805,-0.0220644317941339,-0.0123874886913667,0.00244442216050829,0.00229613378227331,-0.00204057421117652,0.00533184009020087,0.00249142204723491,0.00172723900848825,0.00763119578351148,0.00768168074024129,-0.00293302299861664,-0.0216713634589838,0.0240160753500114,-0.0276563862639763,0.00196189190999937,-0.00564666241344007,0.0118212736651406,-0.00967694310276714,0.000148288378234972,0.000764183038746661,-0.00737241430137739,-5.04849567298073e-05,0.00293302299861664,0.0216713634589838,0.0240160753500114,0.0276563862639763,0.00196189190999937,0.00564666241344007,0.0118212736651406,0.00967694310276714,0.000148288378234972,0.000764183038746661,0.00737241430137739,5.04849567298073e-05,0.0218689418601311,0.00597777686752172,0.000778437640294737,0.0366285077009654,0.0152769675943998,0.00737258715526713
"WxT_44.",0.211116948376675,0.167567287688621,0.177055026093988,0.148583296996153,-0.181134762432065,-0.0921163029322857,-0.158835450750497,-0.121272293055034,-0.0177358601113776,-0.00361295369955065,-0.0186827359605382,-0.00979742842671858,-0.00577027164469094,0.00620003315578069,-0.00765166932470021,-0.0162951388652941,0.00527046609934852,0.000169725790130362,0.010071814123074,0.0070945390856605,-0.00270109832064812,-0.00275989104914903,-0.00141926226825447,0.00457404905342133,0.0435496606880541,-0.0890184594997791,0.0284717290978345,-0.0375631576954623,-0.0141229064118269,-0.0119703048004716,-0.00888530753381967,0.0086434695405939,0.00510074030921816,5.87927285009061e-05,0.00297727503741347,-0.0059933113216758,0.0435496606880541,0.0890184594997791,0.0284717290978345,0.0375631576954623,0.0141229064118269,0.0119703048004716,0.00888530753381967,0.0086434695405939,0.00510074030921816,5.87927285009061e-05,0.00297727503741347,0.0059933113216758,0.0991002476170391,0.018513364970567,0.00510107912965556,0.0471341720397701,0.0123958967271322,0.00669208093547386
"WxT_45.",0.20002916180433,0.160266142753117,0.183518542517823,0.176028902938888,-0.168406085991589,-0.0967346858771957,-0.105317158332874,-0.107855943816534,-0.0133034547219707,2.79997395626801e-06,-0.00913127985807252,-0.00558970776804995,-0.0110961804210688,-0.00644884744739347,-0.00723014748572005,-0.00946842345501937,0.00529479719340092,0.0021753426340676,0.00659416579781918,0.00360377413045214,0.000332931129760639,0.00363393910355146,0.00274954030368132,0.000254637950469654,0.0397630190512124,-0.0716714001143936,0.00748963957893453,0.00253878548366004,-0.013306254695927,-0.00464733297367532,-0.00354157209002258,0.00223827596929932,0.00311945455933332,-0.00330100797379082,0.00299039166736703,0.00249490235321167,0.0397630190512124,0.0716714001143936,0.00748963957893453,0.00253878548366004,0.013306254695927,0.00464733297367532,0.00354157209002258,0.00223827596929932,0.00311945455933332,0.00330100797379082,0.00299039166736703,0.00249490235321167,0.0819627188325557,0.014094471178483,0.00454176732019332,0.00790823196134165,0.00418958377211504,0.00389448071972623
"WxT_46.",0.183339640285395,0.167301540384062,0.17732476374217,0.150725776273661,-0.131677072775681,-0.110513468592511,-0.0947625151460826,-0.0965312737139449,-0.00734444395132028,-0.00552120670369829,-0.00423578276582178,-0.00971632890097601,-0.00972932028185248,-0.000671432600656747,-0.00275987160711654,-0.000485699408832728,0.00352374095705441,0.00287881282007015,0.00228405476599451,0.0059255665188124,0.000468161332110129,0.000433298863695687,0.00013913589948527,-0.00190316486268605,0.0160380999013333,-0.02116360418317,0.0265989874685095,0.00176875856786232,-0.00182323724762199,-0.00905788768119573,0.00548054613515423,-0.00227417219828381,0.000644928136984254,3.48624684144421e-05,-0.00364151175281789,0.00204230076217132,0.0160380999013333,0.02116360418317,0.0265989874685095,0.00176875856786232,0.00182323724762199,0.00905788768119573,0.00548054613515423,0.00227417219828381,0.000644928136984254,3.48624684144421e-05,0.00364151175281789,0.00204230076217132,0.0265540729543895,0.00923956293913698,0.000645869718734304,0.0266577313592382,0.00593365360692727,0.00417511679466292
"WxT_47.",0.189735556961405,0.180352304362673,0.217765638984083,0.17848812717354,-0.137313936173397,-0.11951010458974,-0.152071550330479,-0.142103499433969,-0.00869943309953628,-0.0147927160148251,-0.0142546676684761,-0.0122196869096184,-0.0121851050066081,-0.00403334443450862,-0.0226064794122558,-0.0156827544820955,0.00563474416134532,0.00529488299324932,0.00712642298288021,0.0101115843086969,0.00146338074280459,-0.00199721633533524,0.00726438343707705,0.00500625849485615,0.00938325259873254,-0.0178038315836575,0.039277511810543,-0.00996805089650971,0.00609328291528882,-0.00815176057209945,-0.00203498075885766,-0.00692372493016033,0.000339861168095996,0.00346059707813982,-0.00298516132581673,0.00225812494222091,0.00938325259873254,0.0178038315836575,0.039277511810543,0.00996805089650971,0.00609328291528882,0.00815176057209945,0.00203498075885766,0.00692372493016033,0.000339861168095996,0.00346059707813982,0.00298516132581673,0.00225812494222091,0.0201251546178126,0.0101773914688679,0.00347724571332103,0.0405226476516867,0.00721658600707042,0.00374303571928349
"WxT_48.",0.157855535968224,0.140290809434268,0.107974449301787,0.13883812122266,-0.170770109159587,-0.107340125260292,-0.0846279422755712,-0.0734667811116221,-0.0133963902248512,-0.00631199480700115,-0.010912246580437,-0.0113112145651215,-0.0165075582665264,-0.0038109328250308,-0.00553294074599718,0.00372028136665784,0.00424250754188436,0.000184649117869709,0.0052524732197762,0.00262121449249783,0.00161793809328937,-0.00180367116375169,9.94267642540932e-05,-0.0021052034869437,0.017564726533956,-0.0634299838992952,-0.0308636719208732,-0.011161161163949,-0.0070843954178501,-0.0126966254414956,0.000398967984684511,-0.00925322211265502,0.00405785842401465,0.00342160925704107,0.00263125872727837,0.00220463025119779,0.017564726533956,0.0634299838992952,0.0308636719208732,0.011161161163949,0.0070843954178501,0.0126966254414956,0.000398967984684511,0.00925322211265502,0.00405785842401465,0.00342160925704107,0.00263125872727837,0.00220463025119779,0.065817037882888,0.0145393588592513,0.00530788327840918,0.0328197770097078,0.00926181920137351,0.00343277104310425
"WxT_49.",0.165036080967371,0.158722958860339,0.249482588528638,0.178195489178508,-0.156607912409186,-0.109846401115782,-0.154507049233004,-0.133107877051834,-0.0114046237356201,-0.00902972456099737,-0.0137549833095819,-0.0169880938901147,-0.0113342788789827,-0.000249306725578724,-0.00584688614747876,0.00845108009151543,0.00287424715534264,0.00112774130985672,0.0128054672534298,0.00664921630394087,-0.00150553495568473,-0.00298010803550587,0.00793662587280123,-0.00239016594212613,0.0063131221070325,-0.046761511293404,0.0712870993501293,-0.02139917218117,-0.0023748991746227,-0.011084972153404,0.00323311058053277,-0.0142979662389942,0.00174650584548592,0.00147457307982114,0.00615625094948896,0.0103267918149274,0.0063131221070325,0.046761511293404,0.0712870993501293,0.02139917218117,0.0023748991746227,0.011084972153404,0.00323311058053277,0.0142979662389942,0.00174650584548592,0.00147457307982114,0.00615625094948896,0.0103267918149274,0.0471857441308437,0.011336523000081,0.00228574898797958,0.0744296654822159,0.0146589509378185,0.012022564407893
"WxT_5.",0.181199779633798,0.175591059733198,0.184466390186526,0.15461428812305,-0.147386366219006,-0.0948164617878668,-0.182729413173719,-0.1331272994712,-0.00934154166228726,-0.00977204003316324,-0.0147232923172196,-0.0104392570580674,-0.00912162814747489,-0.00591102927692501,-0.0203159584644316,-0.00305224654823268,0.0060993748183289,0.00376101858408124,0.00493767296610703,0.000355708255196253,-0.00060983343270918,-0.000836254692484476,-0.00213924227307471,-0.00371344450090072,0.00560871990060005,-0.0525699044311388,0.0298521020634765,-0.0496021137025183,0.000430498370875984,-0.00321059887054987,-0.00428403525915222,-0.0172637119161989,0.00233835623424766,0.000226421259775296,0.00458196471091077,0.00157420222782602,0.00560871990060005,0.0525699044311388,0.0298521020634765,0.0496021137025183,0.000430498370875984,0.00321059887054987,0.00428403525915222,0.0172637119161989,0.00233835623424766,0.000226421259775296,0.00458196471091077,0.00157420222782602,0.0528682569300563,0.00323933233165463,0.00234929275849629,0.057892293799484,0.0177873187194464,0.00484484398780023
"WxT_50.",0.168981542949834,0.146679036017731,0.238925948972513,0.205184900235303,-0.189026133081708,-0.114894299566638,-0.16092307403901,-0.162082643481702,-0.0159191191376564,-0.00964701714371141,-0.0129177059368657,-0.0227840401842177,-0.0244520626219343,-0.0016947889943082,-0.0231138765769874,-0.00838093924275932,0.00913589993415361,0.00207776405050132,0.00864936541989263,0.0116094882105756,0.00483020978159065,-0.000721908938347636,0.00644703264608457,0.00242922442896878,0.022302506932103,-0.0741318335150699,0.0337410487372101,0.00115956944269205,-0.00627210199394503,-0.0227572736276262,0.00986633424735203,-0.0147329373342281,0.00705813588365229,0.00555211871993828,-0.00296012279068299,0.00401780821711579,0.022302506932103,0.0741318335150699,0.0337410487372101,0.00115956944269205,0.00627210199394503,0.0227572736276262,0.00986633424735203,0.0147329373342281,0.00705813588365229,0.00555211871993828,0.00296012279068299,0.00401780821711579,0.0774140204082087,0.0236057782414624,0.00898016171526934,0.0337609681611652,0.0177314408318885,0.00499050195926662
"WxT_51.",0.196722370089044,0.213735991433739,0.179129137116366,0.158322722375886,-0.176466227456334,-0.118551884730149,-0.0948124042203194,-0.0922633184159102,-0.0168633824344976,-0.00450245658423986,-0.00531610728775931,-0.011211291848562,-0.0140192712590522,-0.00589811583174102,-0.00734880711924854,-0.000203363284689987,0.0075769185934854,-0.000664267426620509,0.00733867761238946,0.00714566459796754,-3.70432709960308e-05,-0.00152084880483379,0.00397967502206675,-0.00346196783494035,-0.0170136213446945,-0.0579143427261843,0.0208064147404801,-0.00254908580440916,-0.0123609258502577,-0.00812115542731117,0.0058951845608027,-0.00714544383455855,0.00824118602010591,0.00148380553383776,0.000193013014421917,0.0074416428570071,0.0170136213446945,0.0579143427261843,0.0208064147404801,0.00254908580440916,0.0123609258502577,0.00812115542731117,0.0058951845608027,0.00714544383455855,0.00824118602010591,0.00148380553383776,0.000193013014421917,0.0074416428570071,0.0603616965025552,0.0147900525134333,0.00837369845887925,0.0209619830357509,0.00926339940835746,0.00744414551409233
"WxT_52.",0.213733061307432,0.196563027430937,0.205504852369241,0.184778545332683,-0.168828931683059,-0.104583045462695,-0.110308414337217,-0.12145857525613,-0.0084675851390991,-0.0110120726230319,-0.00991905185112981,-0.0110294676663145,-0.00738877648552403,0.000361399012857317,-0.0131540734735645,-0.00426302281077736,-0.000913024061308385,0.00149962449069288,0.00699550174236914,0.00172815354454933,0.00158077415777287,-0.00231630670985519,0.0055367207819864,-0.00332905587216191,0.0171700338764954,-0.0642458862203643,0.0207263070365574,0.011150160918913,0.00254448748393277,-0.00775017549838135,0.00111041581518465,-0.00889105066278718,-0.00241264855200127,0.00389708086762806,0.00526734819781981,0.0088657766541483,0.0171700338764954,0.0642458862203643,0.0207263070365574,0.011150160918913,0.00254448748393277,0.00775017549838135,0.00111041581518465,0.00889105066278718,0.00241264855200127,0.00389708086762806,0.00526734819781981,0.0088657766541483,0.0665007064591046,0.00815718314196764,0.00458346073663847,0.0235352053717682,0.00896012305556461,0.0103124658893165
"WxT_55.",0.203055345735877,0.199427169623712,0.18014288223136,0.204708298621436,-0.178786132283668,-0.116718486772697,-0.0838734520362831,-0.121103309639096,-0.015047340719309,-0.00413273358749462,-0.00478805035685977,-0.0101855383851049,-0.012126864061993,-0.00401909207694619,0.00730559100938247,-0.00249047602728473,0.0068065660985273,0.000818587654147261,0.00415179891746176,0.00518124155752916,0.000678200529851471,0.00181175688644612,-0.00147905389366385,-0.000320381850845781,0.0036281761121654,-0.0620676455109711,-0.0245654163900755,0.0372298576028126,-0.0109146071318144,-0.00810777198504679,0.00539748802824508,0.0097960670366672,0.00598797844438004,-0.00113355635659465,-0.00102944264006741,-0.00115867204281807,0.0036281761121654,0.0620676455109711,0.0245654163900755,0.0372298576028126,0.0109146071318144,0.00810777198504679,0.00539748802824508,0.0097960670366672,0.00598797844438004,0.00113355635659465,0.00102944264006741,0.00115867204281807,0.0621735979429891,0.0135964927611264,0.00609432817166389,0.0446040578820301,0.0111846236593784,0.00154992678923785
"WxT_56.",0.15756992131577,0.164342502218031,0.19256032135089,0.182523764356802,-0.18008104247127,-0.116611370872259,-0.0928242627382286,-0.146826522180477,-0.00665694832413206,-0.0127297340300304,-0.00114811524152473,-0.016107219348848,-0.0223559965037308,-0.00289705075888264,-0.00687434813594766,-0.011436985046061,-0.000432654464283908,0.00437543333206758,0.00639725458307388,0.00595440320944057,0.00403838293133656,-0.000333766975577925,0.00667218395602992,-0.000229357101995222,-0.00677258090226157,-0.0634696715990118,0.0100365569940885,0.0540022594422487,0.00607278570589836,-0.0194589457448481,0.0149591041073232,0.00456263691011334,-0.00480808779635149,0.00437214990691449,0.000442851373633302,0.00690154105802515,0.00677258090226157,0.0634696715990118,0.0100365569940885,0.0540022594422487,0.00607278570589836,0.0194589457448481,0.0149591041073232,0.00456263691011334,0.00480808779635149,0.00437214990691449,0.000442851373633302,0.00690154105802515,0.0638299856255983,0.020384535700641,0.006498723187362,0.0549270106701933,0.0156394517572472,0.00691573469088684
"WxT_57.",0.175183327503682,0.209352216594611,0.0917734841816919,0.0962638701623772,-0.163972088661395,-0.110122744688393,-0.0744583423009612,-0.0683840421419274,-0.0184494702075035,-0.00676659544632487,-0.00756714800188051,-0.00217861526209605,-0.00522686457362996,-0.000537830479708737,-0.00849872012654756,-0.00192174091899835,0.00666201090592294,-0.000438857478986312,0.00276467763858447,0.0030568805358622,-0.00174732702047682,-0.00339847009674517,0.00274652886245501,0.000600298986470565,-0.034168889090929,-0.0538493439730016,-0.00449038598068531,-0.00607430015903372,-0.0116828747611786,-0.00468903409392122,-0.00538853273978446,-0.00657697920754921,0.00710086838490925,0.00165114307626834,-0.000292202897277732,0.00214622987598445,0.034168889090929,0.0538493439730016,0.00449038598068531,0.00607430015903372,0.0116828747611786,0.00468903409392122,0.00538853273978446,0.00657697920754921,0.00710086838490925,0.00165114307626834,0.000292202897277732,0.00214622987598445,0.0637751113525555,0.0125887490807999,0.00729030899743712,0.00755385257187167,0.00850252554152374,0.00216602982752909
"WxT_58.",0.183824998702936,0.14627503907759,0.135003184812899,0.143896759902096,-0.164529723316089,-0.0946374198902245,-0.0990961480464431,-0.0800335731116096,-0.00845344473483923,-0.00761294482400053,-0.0131082820304106,-0.0106259886516607,-0.0169530198998106,-0.00530868506031487,0.007020883463034,-0.00174260119147683,0.00214559256172542,0.00295467875932242,0.00528753378614934,0.00293226973701285,0.00341209586078264,0.000724047741561887,-0.00708513313594018,0.000594969598098864,0.037549959625346,-0.0698923034258647,-0.00889357508919714,-0.0190625749348334,-0.000840499910838701,-0.0116443348394957,-0.00248229337874994,0.00876348465451083,-0.000809086197597007,0.00268804811922075,0.0023552640491365,-0.00768010273403905,0.037549959625346,0.0698923034258647,0.00889357508919714,0.0190625749348334,0.000840499910838701,0.0116443348394957,0.00248229337874994,0.00876348465451083,0.000809086197597007,0.00268804811922075,0.0023552640491365,0.00768010273403905,0.0793406172526926,0.0116746294996635,0.00280717351910925,0.0210351477535416,0.00910826238686791,0.00803313430402784
"WxT_59.",0.200634780883675,0.195346355055984,0.277012739391274,0.253684584832782,-0.177538733744371,-0.118902100626162,-0.171606367338198,-0.141359732200173,-0.01367587621732,-0.00918160118293582,-0.00419772804647117,-0.0162370196192557,-0.0187709233257165,-0.00493477226624796,-0.0097782482849091,0.0065583784670198,0.00371683115934277,0.00180326645432911,-0.00516992922583637,0.00781149081785149,0.00272738919923925,-0.000485338044919785,0.00101772617313197,-0.00370577670112895,0.00528842582769165,-0.0586366331182096,0.0233281545584913,-0.0302466351380251,-0.00449427503438419,-0.0138361510594685,0.0120392915727845,-0.0163366267519289,0.00191356470501365,0.00321272724415903,-0.0129814200436879,0.00472350287426092,0.00528842582769165,0.0586366331182096,0.0233281545584913,0.0302466351380251,0.00449427503438419,0.0138361510594685,0.0120392915727845,0.0163366267519289,0.00191356470501365,0.00321272724415903,0.0129814200436879,0.00472350287426092,0.0588746311340845,0.0145477690463219,0.00373943127034522,0.0381976665815816,0.0202935929595121,0.0138140778104733
"WxT_6.",0.170482910703401,0.175503864496512,0.173156309701066,0.164653791308129,-0.133653086168883,-0.0878797570942042,-0.137723406539101,-0.126462204949271,-0.010942985417457,0.000620678640376572,-0.0184439075231399,-0.0103788022999128,-0.0115323711307601,-0.00288434650864551,-0.0059959610804339,-0.0111571270639281,0.00533634622363408,0.000540011756378816,0.0069926748407459,0.00233844174972461,0.00197110131031847,0.000557300997412477,-0.00294360634535734,0.000927518884534869,-0.00502095379311185,-0.0457733290746784,0.00850251839293734,-0.0112612015898305,-0.0115636640578336,-0.0086480246221146,-0.0080651052232271,0.00516116598349423,0.00479633446725526,0.00141380031290599,0.0046542330910213,-0.00387112522989221,0.00502095379311185,0.0457733290746784,0.00850251839293734,0.0112612015898305,0.0115636640578336,0.0086480246221146,0.0080651052232271,0.00516116598349423,0.00479633446725526,0.00141380031290599,0.0046542330910213,0.00387112522989221,0.0460478841161172,0.0144397595654198,0.00500036555129262,0.0141105450025517,0.00957515308341873,0.0060537175529641
"WxT_61.",0.158271655980464,0.178536906575673,0.204701603086954,0.220094271771304,-0.173614068871543,-0.114311915699832,-0.129648943997246,-0.177280763414341,-0.0166280167753368,-0.0196485477091567,-0.0210021214355483,-0.0233912632514832,-0.00957845089753128,0.00221796211864284,-0.0114248722945097,-0.0113990378240477,0.00446427453208657,0.00379044236484005,0.0115596352824335,0.00953409993956062,-0.000524888223789668,-0.00391524842820909,-0.00126541147202174,0.00282626608200529,-0.0202652505952087,-0.0593021531717104,-0.0153926686843504,0.0476318194170944,0.0030205309338199,-0.0117964130161741,0.00238914181593494,-2.58344704620328e-05,0.00067383216724652,0.00339036020441942,0.00202553534287289,-0.00409167755402703,0.0202652505952087,0.0593021531717104,0.0153926686843504,0.0476318194170944,0.0030205309338199,0.0117964130161741,0.00238914181593494,2.58344704620328e-05,0.00067383216724652,0.00339036020441942,0.00202553534287289,0.00409167755402703,0.062669177052899,0.0121769851428966,0.00345667356071224,0.0500572119699937,0.00238928148959325,0.00456559072096435
"WxT_62.",0.202034880267491,0.189250271152721,0.175791960259125,0.169982956193301,-0.199641941844009,-0.110797754338538,-0.127209717033892,-0.111396385136918,-0.0131199098792871,-0.011836064338304,-0.0213313564433719,-0.0129220713390996,-0.0236481079526675,-0.00542914666799398,-0.00387075205753682,-0.0110457699836619,0.00344406566939357,0.000360311895842303,0.00790718611530438,0.00777432854963464,0.00351450192319012,-0.000241507924793544,-0.00579172655757333,0.00194049823741555,0.0127846091147696,-0.0888441875054709,0.00580900406582374,-0.0158133318969735,-0.00128384554098312,-0.0182189612846735,-0.00840928510427233,0.00717501792612505,0.00308375377355127,0.00375600984798367,0.000132857565669743,-0.00773222479498887,0.0127846091147696,0.0888441875054709,0.00580900406582374,0.0158133318969735,0.00128384554098312,0.0182189612846735,0.00840928510427233,0.00717501792612505,0.00308375377355127,0.00375600984798367,0.000132857565669743,0.00773222479498887,0.0897593219878845,0.0182641399924971,0.0048597476595027,0.0168465424915796,0.0110542733006359,0.007733366111403
"WxT_63.",0.195072794607251,0.199802147340627,0.194063155835287,0.171314953801145,-0.165179164934618,-0.116814861557771,-0.126621606489983,-0.102046661857142,-0.0121201371599486,0.000163201342599015,-0.0103150968751361,-0.00694305552393302,-0.0114226820300932,-0.000572084299155361,-0.00399293072198767,-0.011372826252112,0.000979083206133649,-7.11429929716694e-05,0.00379777821679973,0.00595098285215537,-0.00190659535187887,0.000897611002312884,-0.00126898373912109,0.00215137215652169,-0.00472935273337663,-0.0483643033768472,0.0227482020341424,-0.0245749446328403,-0.0122833385025476,-0.0108505977309378,-0.00337204135120305,0.00737989553012431,0.00105022619910532,-0.00280420635419176,-0.00215320463535565,-0.00342035589564279,0.00472935273337663,0.0483643033768472,0.0227482020341424,0.0245749446328403,0.0122833385025476,0.0108505977309378,0.00337204135120305,0.00737989553012431,0.00105022619910532,0.00280420635419176,0.00215320463535565,0.00342035589564279,0.0485949855273608,0.0163895050531369,0.00299441953409615,0.033487439428737,0.00811378585555301,0.00404167349678019
"WxT_64.",0.192486839098013,0.200207076915995,0.228244450083127,0.171343043349223,-0.147071787199545,-0.116426082030555,-0.119471061507671,-0.134022758855004,-0.0135056547515968,-0.0041235928099659,-0.0120358174422783,-0.0112414937969992,-0.0163447881083557,-0.00210983302139038,-0.00772327028104368,-0.00765511082834262,0.00689340286830291,0.00211803070164296,0.00508989344374272,0.00491662693642713,0.00439991450847476,0.000517181294091835,0.00254203948043876,0.0035825093220683,-0.00772023781798181,-0.0306457051689899,0.0569014067339038,0.0145516973473327,-0.00938206194163087,-0.0142349550869653,-0.000794323645279052,-6.81594527010667e-05,0.00477537216665995,0.00388273321438292,0.000173266507315589,-0.00104046984162954,0.00772023781798181,0.0306457051689899,0.0569014067339038,0.0145516973473327,0.00938206194163087,0.0142349550869653,0.000794323645279052,6.81594527010667e-05,0.00477537216665995,0.00388273321438292,0.000173266507315589,0.00104046984162954,0.0316031852393213,0.0170486665931538,0.00615465649278519,0.0587326313388522,0.000797242600744535,0.00105479797776539
"WxT_65.",0.214974467098365,0.183802744485871,0.197874780817464,0.190017945014167,-0.189898635632914,-0.120176555098687,-0.124499826620546,-0.130972904583855,-0.0109052358398535,-0.0105729759694026,-0.00994389197015036,-0.0124097980853354,-0.0166643403489659,-0.00876837808731911,-0.0160174328835169,-0.00765209720055217,0.00143135345409568,0.00267165398004681,0.00363280490494065,0.00422630913315259,0.00094484764358743,-0.00242016167714822,0.00311986672753542,9.70159882622996e-06,0.0311717226124938,-0.0697220805342268,0.00785683580329616,0.00647307796330883,-0.000332259870450949,-0.00789596226164681,0.00246590611518505,-0.00836533568296474,-0.00124030052595113,0.00336500932073565,-0.000593504228211934,0.00311016512870919,0.0311717226124938,0.0697220805342268,0.00785683580329616,0.00647307796330883,0.000332259870450949,0.00789596226164681,0.00246590611518505,0.00836533568296474,0.00124030052595113,0.00336500932073565,0.000593504228211934,0.00311016512870919,0.0763730633446863,0.00790294987070414,0.00358631191104629,0.0101799119425971,0.00872121173103773,0.00316628716271031
"WxT_66.",0.206821469920004,0.212963322845365,0.1494844581112,0.155399686771784,-0.171453814169612,-0.127635303750815,-0.102526196980022,-0.109538162247004,-0.012030065122575,-0.0107127566508155,-0.0138891588160081,-0.0117208492366874,-0.0125948777474813,-0.00553032140766276,-0.00326077668642064,0.00722214285229329,0.00410113789421176,0.00334528268247546,0.00175268624939811,0.000909816134384977,0.00147064786059813,-0.00118858607271378,-0.00186107092398974,-0.00415327126043105,-0.00614185292536043,-0.0438185104187976,-0.00591522866058328,0.00701196526698228,-0.00131730847175944,-0.00706455633981858,-0.00216830957932065,-0.0104829195387139,0.000755855211736297,0.0026592339333119,0.000842870115013132,0.00229220033644131,0.00614185292536043,0.0438185104187976,0.00591522866058328,0.00701196526698228,0.00131730847175944,0.00706455633981858,0.00216830957932065,0.0104829195387139,0.000755855211736297,0.0026592339333119,0.000842870115013132,0.00229220033644131,0.0442468553987628,0.0071863243656434,0.00276456908272997,0.00917374443792455,0.0107048198717645,0.00244225559947437
"WxT_68.",0.185747087008628,0.229462803225037,0.194647408300209,0.235347913901173,-0.128440224591995,-0.101789212270804,-0.166901394562479,-0.104071191309226,-0.0103160299715365,-0.00542877659862149,-0.0287710655989013,-0.0148436966954752,-0.00919072830394682,-0.00387956604748975,-0.00660364560831522,0.000850234090447667,0.00340575330900796,-8.22135243570761e-05,0.01545826129827,0.00373349277038445,0.00184130669235563,-0.00159356396656405,-0.00415602168246746,-0.00481501150635306,-0.043715716216409,-0.0266510123211901,-0.040700505600964,-0.0628302032532532,-0.00488725337291497,-0.00531116225645707,-0.0139273689034262,-0.00745387969876288,0.00348796683336503,0.00343487065891968,0.0117247685278855,0.000658989823885605,0.043715716216409,0.0266510123211901,0.040700505600964,0.0628302032532532,0.00488725337291497,0.00531116225645707,0.0139273689034262,0.00745387969876288,0.00348796683336503,0.00343487065891968,0.0117247685278855,0.000658989823885605,0.0511990263780263,0.00721759586326936,0.00489532931212618,0.07486097512736,0.0157965796024251,0.0117432731646879
"WxT_69.",0.211968567051815,0.231831608012805,0.26714091932654,0.191887782487725,-0.151259653711382,-0.111268427026069,-0.135971365059805,-0.147510369526177,-0.00560450186569178,-0.0110010668615897,-0.00932724894265884,-0.00607581240187485,-0.0186214778040074,0.00772512579390616,-0.00333249032898464,-0.0181401545597165,0.00344323217069682,0.000843752896687443,0.00241736920535414,0.000314510627821508,0.00796008785241258,-0.00114783874352325,-0.00327005999159492,0.00177151983689108,-0.0198630409609903,-0.0399912266853134,0.0752531368388152,0.0115390044663719,0.00539656499589788,-0.0263466035979135,-0.00325143654078399,0.0148076642307318,0.00259947927400938,0.00910792659593583,0.00210285857753263,-0.005041579828486,0.0198630409609903,0.0399912266853134,0.0752531368388152,0.0115390044663719,0.00539656499589788,0.0263466035979135,0.00325143654078399,0.0148076642307318,0.00259947927400938,0.00910792659593583,0.00210285857753263,0.005041579828486,0.0446524199569755,0.026893613273425,0.00947162179211984,0.0761326685999932,0.0151604340158466,0.00546255813370435
"WxT_71.",0.165581411753203,0.178721156992608,0.141811055393909,0.156293651230134,-0.138127384517685,-0.0979543131326217,-0.110771169761816,-0.0929315928966142,-0.00597425729304872,-0.0101258358436485,-0.0145884280398649,-0.0122918083047353,-0.013006583349834,0.00260706382897829,-0.00567035247577114,0.000588904660309189,-0.000315106602229317,0.00161422494837904,0.00403785893496184,0.00487608294381412,0.00186411894731311,-0.00312479969062424,-0.00149770932339509,-0.00403776732888803,-0.0131397452394055,-0.0401730713850629,-0.0144825958362259,-0.0178395768652018,0.00415157855059982,-0.0156136471788123,-0.00229661973512957,-0.00625925713608032,-0.00192933155060836,0.00498891863793734,-0.00083822400885228,0.00254005800549294,0.0131397452394055,0.0401730713850629,0.0144825958362259,0.0178395768652018,0.00415157855059982,0.0156136471788123,0.00229661973512957,0.00625925713608032,0.00192933155060836,0.00498891863793734,0.00083822400885228,0.00254005800549294,0.0422673463735995,0.016156162374965,0.00534898396035466,0.022978165394237,0.00666729046190123,0.00267479235834955
"WxT_73.",0.162555065318831,0.217537184542564,0.185659118317446,0.223393478825558,-0.132127048453977,-0.103498234035572,-0.118632883721949,-0.139516611147385,-0.0135279255353969,-0.005557701638162,-0.0107084845916773,-0.0173333733905335,-0.00955391695048552,-0.00192872589268942,-0.0149900028157011,0.00746397466038308,0.0054674398351699,0.00104691433369436,0.0062313038600402,0.00712717735650647,0.000666096392407542,-0.00152727337800322,0.00652592962014063,-0.00267963430402388,-0.0549821192237333,-0.0286288144184045,-0.0377343605081118,0.0208837274254353,-0.0079702238972349,-0.00762519105779609,0.00662488879885616,-0.0224539774760842,0.00442052550147554,0.00219336977041077,-0.000895873496466262,0.00920556392416451,0.0549821192237333,0.0286288144184045,0.0377343605081118,0.0208837274254353,0.0079702238972349,0.00762519105779609,0.00662488879885616,0.0224539774760842,0.00442052550147554,0.00219336977041077,0.000895873496466262,0.00920556392416451,0.061989051044005,0.0110303221911215,0.00493476611998455,0.0431278568228937,0.023410900369138,0.00924905381558297
"WxT_74.",0.175655014970539,0.147270670130469,0.20145405554573,0.214817822190925,-0.145898007331648,-0.0925153632823039,-0.155752341255697,-0.14598240321637,-0.0109577121323201,-0.00766745629730382,-0.0236701724543955,-0.015707083014898,-0.0108967656212894,-0.00201567781113613,-0.0247976074922643,-0.00930567630188151,0.0031822049197418,0.00199411979162946,0.0152200283566069,0.00906322731027677,0.00146991185075143,-0.000727860828711758,0.00215423275850041,0.0014775744133687,0.0283843448400693,-0.0533826440493437,-0.0133637666451942,-0.00976993803932757,-0.00329025583501629,-0.00888108781015325,-0.0079630894394974,-0.0154919311903828,0.00118808512811235,0.00219777267946318,0.00615680104633017,0.00067665834513171,0.0283843448400693,0.0533826440493437,0.0133637666451942,0.00976993803932757,0.00329025583501629,0.00888108781015325,0.0079630894394974,0.0154919311903828,0.00118808512811235,0.00219777267946318,0.00615680104633017,0.00067665834513171,0.0604597197950743,0.00947098221683006,0.0024983496597227,0.016554212401667,0.0174186889698677,0.00619387323410228
"WxT_76.",0.15414339785027,0.172213874702427,0.211952352091016,0.202017078672512,-0.126253678567217,-0.105231846458942,-0.115344968554838,-0.144634458436289,-0.0105857778709784,-0.0151885935646826,-0.00631932998444748,-0.0141884943103223,0.00569519875526953,-0.000961154743471061,-0.00564787467859304,-0.00213591644463156,0.00150811497244429,0.0055544664066212,0.00311285897170544,0.00332971654919222,-0.00550726880954677,-0.00269695792201083,0.00369458695610318,-0.00404162949953656,-0.0180704768521572,-0.0210218321082746,0.00993527341850478,0.0292894898814509,0.00460281569370423,0.00665635349874059,0.00786916432587486,-0.00351195823396148,-0.00404635143417691,-0.00281031088753594,-0.000216857577486778,0.00773621645563974,0.0180704768521572,0.0210218321082746,0.00993527341850478,0.0292894898814509,0.00460281569370423,0.00665635349874059,0.00786916432587486,0.00351195823396148,0.00404635143417691,0.00281031088753594,0.000216857577486778,0.00773621645563974,0.0277211031319613,0.00809277172607791,0.00492654110035312,0.0309286901665115,0.00861728482903468,0.00773925527795954
"WxT_77.",0.165237605562941,0.173414373779382,0.194488443606872,0.159702547934228,-0.139923930081375,-0.113180165773392,-0.138244440471253,-0.0999100927078705,-0.0113042639198662,-0.0102573388940348,-0.00934308882245671,-0.0108557515061698,-0.00841496402674158,0.00158494253323895,-0.0177822654589168,0.00163880711720561,0.00289034276045555,0.00349785278129022,0.00432271508825842,0.00581398257815409,-0.000859975764798545,-0.00187701053758572,0.00507133080543391,0.00244390952076531,-0.0081767682164417,-0.0267437643079831,0.0347858956726438,-0.0383343477633821,-0.00104692502583141,-0.00999990655998053,0.00151266268371308,-0.0194210725761224,-0.000607510020834677,0.00101703477278718,-0.00149126748989567,0.0026274212846686,0.0081767682164417,0.0267437643079831,0.0347858956726438,0.0383343477633821,0.00104692502583141,0.00999990655998053,0.00151266268371308,0.0194210725761224,0.000607510020834677,0.00101703477278718,0.00149126748989567,0.0026274212846686,0.0279658446649902,0.0100545603194796,0.0011846637305467,0.0517646670634707,0.0194798924124779,0.00302112914877026
"WxT_78.",0.184713076466651,0.153815876146291,0.192904091189773,0.201424368113597,-0.138701823154045,-0.103667620074681,-0.121882345726441,-0.167619808179131,-0.0151274858771989,-0.00937563560350913,-0.020168297984135,-0.0347191031700792,0.00350761634758749,-0.00669132274396543,0.00394456286480618,0.000625697640990499,0.00350259292210423,-0.000239458485857458,0.00886993258782308,0.0139235211140297,-0.00359421106595249,-0.00237422743140081,-0.00649705781327768,-0.0105767333111522,0.03089720032036,-0.0350342030793642,-0.00852027692382448,0.0457374624526904,-0.00575185027368981,0.0101989390915529,0.0145508051859442,0.00331886522381568,0.00374205140796169,-0.00121998363455168,-0.00505358852620663,0.00407967549787448,0.03089720032036,0.0350342030793642,0.00852027692382448,0.0457374624526904,0.00575185027368981,0.0101989390915529,0.0145508051859442,0.00331886522381568,0.00374205140796169,0.00121998363455168,0.00505358852620663,0.00407967549787448,0.0467122293735012,0.0117090623093462,0.003935899999797,0.0465243010744914,0.0149245032725767,0.00649480632199026
"WxT_9.",0.159206394172793,0.149198135282862,0.220716270956363,0.178522193731121,-0.145154139329324,-0.0807105366086406,-0.0841421853494249,-0.102056005621168,-0.0118157124361341,-0.00764905492759362,-0.0117409878748751,-0.00701151127597625,0.000301548290592872,0.000585503458456135,-0.000356030137859305,-0.00213314402953613,-0.000174050852326184,0.00262822751337495,0.00644465591103014,0.00193879165342647,-0.00482712867048419,-0.000916170692779995,-0.004651794168605,-0.00139389485885422,0.0100082588899314,-0.0644436027206832,0.042194077225242,0.0179138202717436,-0.00416665750854052,-0.000283955167863263,-0.00472947659889885,0.00177711389167683,-0.00280227836570114,-0.0039109579777042,0.00450586425760367,-0.00325789930975078,0.0100082588899314,0.0644436027206832,0.042194077225242,0.0179138202717436,0.00416665750854052,0.000283955167863263,0.00472947659889885,0.00177711389167683,0.00280227836570114,0.0039109579777042,0.00450586425760367,0.00325789930975078,0.0652161266684027,0.00417632198601034,0.00481127387936342,0.0458393401961461,0.0050523343796232,0.00556028062425134
