"","sd_PC1_SDLDpre","sd_PC1_SDLDpost","sd_PC1_SDSDpre","sd_PC1_SDSDpost","sd_PC2_SDLDpre","sd_PC2_SDLDpost","sd_PC2_SDSDpre","sd_PC2_SDSDpost","sd_PC1_SDLDpre_vel","sd_PC1_SDLDpost_vel","sd_PC1_SDSDpre_vel","sd_PC1_SDSDpost_vel","sd_PC2_SDLDpre_vel","sd_PC2_SDLDpost_vel","sd_PC2_SDSDpre_vel","sd_PC2_SDSDpost_vel","sd_PC1_SDLDpre_acc","sd_PC1_SDLDpost_acc","sd_PC1_SDSDpre_acc","sd_PC1_SDSDpost_acc","sd_PC2_SDLDpre_acc","sd_PC2_SDLDpost_acc","sd_PC2_SDSDpre_acc","sd_PC2_SDSDpost_acc","PC1_movement_ori_sd_SDLD"," PC2_movement_ori_sd_SDLD"," PC1_movement_ori_sd_SDSD","PC2_movement_ori_sd_SDSD ","PC1_movement_vel_sd_SDLD","PC2_movement_vel_sd_SDLD ","PC1_movement_vel_sd_SDSD ","PC2_movement_vel_sd_SDSD","PC1_movement_acc_sd_SDLD ","PC2_movement_acc_sd_SDLD ","PC1_movement_acc_sd_SDSD","PC2_movement_acc_sd_SDSD","PC1_movement_ori_sd_absSDLD","PC2_movement_ori_sd_absSDLD","PC1_movement_ori_sd_absSDSD","PC2_movement_ori_sd_absSDSD","PC1_movement_vel_sd_absSDLD","PC2_movement_vel_sd_absSDLD","PC1_movement_vel_sd_absSDSD","PC2_movement_vel_sd_absSDSD","PC1_movement_acc_sd_absSDLD","PC2_movement_acc_sd_absSDLD","PC1_movement_acc_sd_absSDSD","PC2_movement_acc_sd_absSDSD","distances_ori_sdSDLD","distances_vel_sdSDLD","distances_acc_sdSDLD","distances_ori_sdSDSD","distances_vel_sdSDSD","distances_acc_sdSDSD"
"WxT_1.",0.324733714207714,0.223299316028028,0.356169336819102,0.248398236921229,-0.0494544741208044,0.00903292215585092,-0.0356679491975282,-0.0398629081255224,-0.0201626867263329,-0.00903208976223997,-0.0223464278922336,-0.0212703078915339,0.00134715583865726,0.00376255814763141,0.0182800722745707,0.00937954335094189,0.00746808675607447,0.00490499731740323,0.01600256255505,0.0139563600015136,-0.00180244206181913,0.000318486005551315,-0.00757797416643842,0.0014109746956503,0.101434398179686,-0.0584873962766553,0.107771099897872,0.00419495892799421,-0.011130596964093,-0.00241540230897415,-0.00107612000069969,0.00890052892362882,0.00256308943867124,-0.00212092806737045,0.00204620255353636,-0.00898894886208872,0.101434398179686,0.0584873962766553,0.107771099897872,0.00419495892799421,0.011130596964093,0.00241540230897415,0.00107612000069969,0.00890052892362882,0.00256308943867124,0.00212092806737045,0.00204620255353636,0.00898894886208872,0.117088482171807,0.0113896600955109,0.00332682481317965,0.107852712778143,0.0089653471419828,0.00921890159050116
"WxT_10.",0.289543084101153,0.201171240526934,0.249310567486914,0.280777591947365,-0.057378633785119,0.0142744903939362,-0.0079903292111614,-0.0417822806022628,-0.0235189616518107,-0.00601776925107896,-0.0237227687766022,-0.0233748063933783,-0.0136929885480623,0.0062062527202123,0.00539609232554322,-0.000672837885435166,0.00158082222841232,0.00340916482042355,0.0144530560225088,0.00708492190423111,0.00594362749278129,-9.21146839376681e-05,0.00370827259969542,0.00529024603928992,0.0883718435742186,-0.0716531241790551,-0.0314670244604511,0.0337919513911014,-0.0175011924007317,-0.0198992412682746,-0.00034796238322389,0.00606893021097839,-0.00182834259201124,0.00603574217671895,0.00736813411827771,-0.0015819734395945,0.0883718435742186,0.0716531241790551,0.0314670244604511,0.0337919513911014,0.0175011924007317,0.0198992412682746,0.00034796238322389,0.00606893021097839,0.00182834259201124,0.00603574217671895,0.00736813411827771,0.0015819734395945,0.113770615456388,0.0265004063836847,0.00630658546739727,0.0461743392720805,0.00607889724587157,0.00753604938601854
"WxT_11.",0.265417484638755,0.193003640654253,0.202404522304708,0.177086294212108,-0.0333539431429026,-0.00408284389424444,0.00761086270740072,-0.00708567835116273,-0.0141863676774365,-0.00888457795362207,-0.00691173767894612,-0.00988497225494856,0.0120252434884082,0.00184675208672326,0.00170362909174116,0.00988407643929992,0.00425667116804061,0.00378620582707656,0.00260503305535448,0.00692904034149421,-0.00611051271776799,-0.00116389070447197,-0.0013671788748565,-0.00112650158978582,0.0724138439845018,-0.0292710992486582,0.0253182280926006,0.0146965410585635,-0.00530178972381443,0.0101784914016849,0.00297323457600244,-0.00818044734755876,0.00047046534096405,-0.00494662201329602,-0.00432400728613973,-0.000240677285070682,0.0724138439845018,0.0292710992486582,0.0253182280926006,0.0146965410585635,0.00530178972381443,0.0101784914016849,0.00297323457600244,0.00818044734755876,0.00047046534096405,0.00494662201329602,0.00432400728613973,0.000240677285070682,0.0781060948443626,0.0114765265428926,0.00496894425199892,0.0292745792939026,0.00870401301987293,0.00433070023970009
"WxT_12.",0.251012450403145,0.193895736745542,0.238158620829419,0.216700980586301,-0.0470552450297073,0.00808031097137647,-0.0142508242079597,-0.0248599372862429,-0.0209314255779839,-0.00499713892918206,-0.0213062462007234,-0.0139926796676445,0.000336440828281832,-0.00170811018746203,-0.0013331254947565,-0.000179658165694209,0.00394308917408238,0.00113038626331986,0.00604804543446999,0.00396524048710412,0.000517621005863828,0.000651014793278497,0.00344422390415982,0.00149554042896461,0.057116713657603,-0.0551355560010838,0.0214576402431178,0.0106091130782832,-0.0159342866488018,0.00204455101574386,-0.00731356653307887,-0.00115346732906229,0.00281270291076253,-0.000133393787414669,0.00208280494736587,0.00194868347519521,0.057116713657603,0.0551355560010838,0.0214576402431178,0.0106091130782832,0.0159342866488018,0.00204455101574386,0.00731356653307887,0.00115346732906229,0.00281270291076253,0.000133393787414669,0.00208280494736587,0.00194868347519521,0.0793867023788825,0.0160649207860532,0.00281586426639013,0.0239370759515624,0.00740396801134266,0.00285226992679
"WxT_13.",0.275599750513979,0.200636109264854,0.243835586321158,0.192705454059689,-0.0332948464800286,0.0100628637700244,0.0114957977194961,-0.00319626998610794,-0.0151194650288898,-0.00686450048178155,-0.0113554946151499,-0.00835050915185827,0.00144523779573623,0.00489181462799372,0.00562318546908399,0.0166293999580621,0.00163986203171828,0.00158645670257292,0.00919625573150618,0.00664334510458985,-0.00198389480647102,-0.00189518762585402,0.00351610178362966,-0.00104667939210088,0.0749636412491251,-0.043357710250053,0.0511301322614693,0.014692067705604,-0.00825496454710822,-0.00344657683225749,-0.00300498546329162,-0.0110062144889781,5.34053291453599e-05,-8.87071806169996e-05,0.00255291062691633,0.00456278117573054,0.0749636412491251,0.043357710250053,0.0511301322614693,0.014692067705604,0.00825496454710822,0.00344657683225749,0.00300498546329162,0.0110062144889781,5.34053291453599e-05,8.87071806169996e-05,0.00255291062691633,0.00456278117573054,0.0865992987699963,0.00894557608735556,0.000103542711352085,0.0531991285505825,0.0114090619689782,0.00522841512569758
"WxT_14.",0.254170558076682,0.210463149110319,0.225865586174094,0.214901079119863,-0.0160565310965415,0.0142639423326015,-0.0031335141242262,0.0114139794587634,-0.0157720085580484,-0.00673550761669966,-0.0182457361387553,-0.0116634890673218,-0.00461531444536421,0.000441288519597702,-0.00319630729511104,0.00287166018444568,0.00387183150868327,0.00302238240384494,0.00754588336143319,0.00653370240933445,0.00577007655653608,0.000778857248765719,0.00604477330779909,0.00356505520186035,0.0437074089663626,-0.030320473429143,0.0109645070542318,-0.0145474935829896,-0.0090365009413487,-0.00505660296496191,-0.00658224707143354,-0.00606796747955672,0.000849449104838326,0.00499121930777036,0.00101218095209874,0.00247971810593873,0.0437074089663626,0.030320473429143,0.0109645070542318,0.0145474935829896,0.0090365009413487,0.00505660296496191,0.00658224707143354,0.00606796747955672,0.000849449104838326,0.00499121930777036,0.00101218095209874,0.00247971810593873,0.0531946304387975,0.0103550752198261,0.00506298666401268,0.0182167501077833,0.00895244133420339,0.00267834130848029
"WxT_15.",0.258912130795744,0.203409386320293,0.237588719525136,0.215900813411733,-0.0213634094651834,0.0166573634671554,-0.0400019799746914,0.00979899856431075,-0.0147346956002549,-0.00481965025552172,-0.0264330839449469,-0.0123872335855152,-0.00129980158953444,0.0035868437004539,-0.00783824589712832,-0.000432479072087588,-0.00068768108680913,0.00142305644844724,0.00837910636166443,0.00608360502650203,0.000916223976992226,-0.000647862228984469,0.00729248089502872,0.000868545353540124,0.0555027444754507,-0.0380207729323388,0.0216879061134026,-0.0498009785390021,-0.00991504534473319,-0.00488664528998835,-0.0140458503594317,-0.00740576682504073,-0.00211073753525637,0.0015640862059767,0.0022955013351624,0.00642393554148859,0.0555027444754507,0.0380207729323388,0.0216879061134026,0.0498009785390021,0.00991504534473319,0.00488664528998835,0.0140458503594317,0.00740576682504073,0.00211073753525637,0.0015640862059767,0.0022955013351624,0.00642393554148859,0.067276547315388,0.011053842154576,0.00262708557197262,0.0543185303098852,0.0158786427186464,0.0068217500849073
"WxT_16.",0.224734500108292,0.195206309620258,0.213646560535584,0.226460282114188,-0.0187106284755365,0.0109653323087233,-0.0182476472331137,-0.000514774713283345,-0.0142540733600187,-0.00146208926626505,-0.0213383455911686,-0.0177540834522106,0.00878559729683521,-0.00199136026134452,-0.00504693157871418,5.22828804495732e-05,0.00555679346729512,-0.00114783675519153,0.00524621163173341,0.0081066050396409,-0.00297831410780208,0.000374509254711935,0.00561304311193062,0.00601006943479216,0.0295281904880339,-0.0296759607842597,-0.0128137215786041,-0.0177328725198304,-0.0127919840937537,0.0107769575581797,-0.003584262138958,-0.00509921445916375,0.00670463022248666,-0.00335282336251402,-0.00286039340790749,-0.00039702632286154,0.0295281904880339,0.0296759607842597,0.0128137215786041,0.0177328725198304,0.0127919840937537,0.0107769575581797,0.003584262138958,0.00509921445916375,0.00670463022248666,0.00335282336251402,0.00286039340790749,0.00039702632286154,0.0418637872386928,0.0167265558698034,0.00749623178140199,0.0218779850191589,0.00623289043552929,0.00288781584403257
"WxT_17.",0.257976426226449,0.193104537251842,0.274204142648841,0.29280186722864,-0.0257944438174949,0.01199921440546,-0.0304356867769499,0.00371509400808993,-0.0211273116417961,-0.00759378862324176,-0.0260286456954822,-0.0173196305125762,0.00112348328996599,-0.00205295482376143,0.0154690867023797,0.0146270065353768,0.00397309646583296,0.00389096655510947,0.0100389795594616,0.0156262669773916,0.000243569712276804,0.00238346368151033,-0.00704371145262188,-0.00232976329360745,0.0648718889746061,-0.0377936582229549,-0.0185977245797987,-0.0341507807850398,-0.0135335230185543,0.00317643811372742,-0.00870901518290601,0.000842080167002856,8.21299107234951e-05,-0.00213989396923353,-0.00558728741792991,-0.00471394815901443,0.0648718889746061,0.0377936582229549,0.0185977245797987,0.0341507807850398,0.0135335230185543,0.00317643811372742,0.00870901518290601,0.000842080167002856,8.21299107234951e-05,0.00213989396923353,0.00558728741792991,0.00471394815901443,0.0750781098657068,0.0139012950613991,0.00214146947720426,0.0388863882068507,0.00874963110443789,0.0073102043703602
"WxT_18.",0.226072387521473,0.18808515322232,0.156273790274268,0.183963438718585,-0.0140381869582056,0.00552411134101575,-0.0122078549829113,0.00932880928210738,-0.012264939415952,-0.00964922026017151,-0.0137203674472604,-0.0149763704754122,0.00767071237007403,0.00370645075182112,-0.00175713088107598,0.000405912727921771,0.00385939206311068,0.00379112114974136,0.00373158036168249,0.00825638455636378,-0.0020655871403083,-0.00114520649091213,0.00256083164968573,0.00341799795844039,0.0379872342991532,-0.0195622982992214,-0.0276896484443165,-0.0215366642650187,-0.00261571915578047,0.00396426161825291,0.00125600302815179,-0.00216304360899775,6.82709133693138e-05,-0.000920380649396169,-0.00452480419468129,-0.000857166308754662,0.0379872342991532,0.0195622982992214,0.0276896484443165,0.0215366642650187,0.00261571915578047,0.00396426161825291,0.00125600302815179,0.00216304360899775,6.82709133693138e-05,0.000920380649396169,0.00452480419468129,0.000857166308754662,0.0427283686143817,0.00474945858807823,0.000922909235729708,0.035079118270475,0.00250125993474339,0.00460527817629614
"WxT_19.",0.271914991572782,0.20495349532274,0.180931002789686,0.200881308836588,-0.0247731791945772,0.0160286184749824,-0.00812604693110013,-0.000734041655526081,-0.0175133125951345,-0.00132402213542892,-0.0151193349471955,-0.0138972239370103,-0.00802905333326116,-0.000581524026313884,-0.0121391841429808,-0.00327923881676125,0.00375404581353692,0.000705527508527781,0.00158612655537333,0.000946012427708027,0.00323771123897603,-0.00180313965284361,0.00585630151206224,0.00696615173507757,0.0669614962500416,-0.0408017976695597,-0.0199503060469024,-0.00739200527557405,-0.0161892904597056,-0.00744752930694728,-0.00122211101018522,-0.00885994532621955,0.00304851830500914,0.00504085089181964,0.000640114127665301,-0.00110985022301533,0.0669614962500416,0.0408017976695597,0.0199503060469024,0.00739200527557405,0.0161892904597056,0.00744752930694728,0.00122211101018522,0.00885994532621955,0.00304851830500914,0.00504085089181964,0.000640114127665301,0.00110985022301533,0.0784131919584455,0.0178201800879383,0.00589097967824832,0.0212757245084435,0.00894383511167416,0.00128121567816035
"WxT_2.",0.254844349046657,0.234833349495237,0.205384592623622,0.206264478223053,-0.0320226156333473,0.0225836866951159,-0.0171983420166699,-0.00631651254727965,-0.0156268379250641,-0.00649999259902199,-0.0127542942419276,-0.016633501999188,0.00624254932925414,-0.00206929487518662,-0.00534971003837026,-0.000337347558301908,0.00566073482760365,0.00343422004947832,0.00767464764576618,0.0059765004804701,-0.0017175648263882,0.00479446215161379,0.0050509106547441,0.00193490076603105,0.0200109995514196,-0.0546063023284632,-0.000879885599431057,-0.0108818294693903,-0.00912684532604215,0.00831184420444077,0.00387920775726038,-0.00501236248006835,0.00222651477812533,-0.00651202697800199,0.00169814716529608,0.00311600988871305,0.0200109995514196,0.0546063023284632,0.000879885599431057,0.0108818294693903,0.00912684532604215,0.00831184420444077,0.00387920775726038,0.00501236248006835,0.00222651477812533,0.00651202697800199,0.00169814716529608,0.00311600988871305,0.0581574445538526,0.0123444748646669,0.00688214090377669,0.0109173445154477,0.00633814093055575,0.0035486929173374
"WxT_21.",0.254503151201895,0.198381852261267,0.291056111148925,0.209026050852878,-0.0329163391328516,0.000189522430934789,-0.0324286169733422,-0.00893826940147579,-0.0193156066526567,-0.00673127359203698,-0.025225626352591,-0.0108433207747597,-0.00047490514360036,-0.00257051507548746,-0.0106810695283162,-0.000852679883468479,0.00412302145450432,0.000661423425407639,0.00242313852411851,-0.000417636777623247,0.00138427485032663,0.00185431177953213,0.00982657486717305,0.00338275962937964,0.0561212989406278,-0.0331058615637864,0.0820300602960467,-0.0234903475718664,-0.0125843330606197,0.0020956099318871,-0.0143823055778313,-0.0098283896448477,0.00346159802909668,-0.0004700369292055,0.00284077530174175,0.00644381523779341,0.0561212989406278,0.0331058615637864,0.0820300602960467,0.0234903475718664,0.0125843330606197,0.0020956099318871,0.0143823055778313,0.0098283896448477,0.00346159802909668,0.0004700369292055,0.00284077530174175,0.00644381523779341,0.0651582555372985,0.0127576259377374,0.00349336451431324,0.0853271775064671,0.0174197576546021,0.00704221265894495
"WxT_22.",0.236288587782437,0.187078181402033,0.23502314548795,0.206022488080803,-0.0298677576545452,0.0250796649980256,-0.00575013277226599,-0.00607136290614398,-0.0163036247079913,-0.00182681538013379,-0.0161687867270678,-0.0150510071635902,0.000118015798474977,0.00498784958675406,-0.00283345383056195,0.00578369730428829,0.00195577881475358,0.00187021226038528,0.00435824532254299,0.00596416434526089,7.78588122761519e-05,-0.00130372810891942,0.00211238085766584,-0.00132048738451403,0.0492104063804035,-0.0549474226525708,0.0290006574071476,0.000321230133877984,-0.0144768093278575,-0.00486983378827909,-0.00111777956347758,-0.00861715113485024,8.55665543683035e-05,0.00138158692119557,-0.0016059190227179,0.00343286824217987,0.0492104063804035,0.0549474226525708,0.0290006574071476,0.000321230133877984,0.0144768093278575,0.00486983378827909,0.00111777956347758,0.00861715113485024,8.55665543683035e-05,0.00138158692119557,0.0016059190227179,0.00343286824217987,0.0737623437282514,0.0152739415162101,0.00138423410449429,0.0290024364294736,0.00868934547784693,0.00378992879559686
"WxT_23.",0.294817560027477,0.211306147249146,0.219562288555179,0.199717288759754,-0.0338824693926351,-0.00474670062195373,-0.00284035977236128,-0.014095903997222,-0.0187692117006761,-0.00846718229150924,-0.0126818880491996,-0.0160734843713047,-0.00664881544379863,-0.000962412440998804,0.00705844892104388,0.00138715236252478,0.00214393106002493,0.00339248478707039,0.00673139017951225,0.00539918175048421,0.00576844015133058,0.000135217372936878,0.0012305055053751,0.00312839065209637,0.0835114127783312,-0.0291357687706814,0.0198449997954251,0.0112555442248608,-0.0103020294091668,-0.00568640300279983,0.00339159632210513,0.0056712965585191,-0.00124855372704546,0.0056332227783937,0.00133220842902804,-0.00189788514672127,0.0835114127783312,0.0291357687706814,0.0198449997954251,0.0112555442248608,0.0103020294091668,0.00568640300279983,0.00339159632210513,0.0056712965585191,0.00124855372704546,0.0056332227783937,0.00133220842902804,0.00189788514672127,0.0884480021599778,0.0117671997118086,0.00576992939994354,0.0228147165811504,0.00660806554649601,0.00231878143181253
"WxT_24.",0.217859477079847,0.188312641679045,0.189753553110474,0.193772309043492,-0.0253131470411476,0.0091331329723191,-0.00545602306813037,-0.0035044785179644,-0.015458405891326,-0.00663488857071547,-0.013649669803932,-0.00887253454942186,0.00277787590621363,0.00153736916922685,-0.00226760337853018,0.00883756957800801,0.0034368996528045,0.00235383862718528,0.0045360189186174,0.00759640175369956,0.000768219846140168,0.00219292166330411,0.00323736921159711,-0.000523183297957418,0.0295468354008026,-0.0344462800134667,-0.0040187559330177,-0.00195154455016596,-0.00882351732061058,0.00124050673698678,-0.00477713525451013,-0.0111051729565382,0.00108306102561923,-0.00142470181716394,-0.00306038283508216,0.00376055250955452,0.0295468354008026,0.0344462800134667,0.0040187559330177,0.00195154455016596,0.00882351732061058,0.00124050673698678,0.00477713525451013,0.0111051729565382,0.00108306102561923,0.00142470181716394,0.00306038283508216,0.00376055250955452,0.0453823940418338,0.00891029263669967,0.00178963584369715,0.00446754131267384,0.0120890813395605,0.00484847380877554
"WxT_25.",0.257375559896514,0.233783689651865,0.20650540454842,0.206305451294146,-0.0485060605995048,0.0104477558193428,-0.00300090293167057,-0.0238861007792538,-0.0205712283375359,-0.0108045058942298,-0.0134958581525582,-0.0199458380018661,0.00094977966452637,0.00565959930747007,0.00519373364151786,0.000330876614618012,0.00304372531083872,0.00377718095964829,0.00420980035265404,0.0058509088161018,-0.00253598197763537,-0.00106695614577768,-0.00166108746086314,0.0030085506084616,0.0235918702446487,-0.0589538164188477,0.000199953254274104,0.0208851978475832,-0.00976672244330611,-0.0047098196429437,0.00644997984930786,0.00486285702689985,-0.000733455648809569,-0.00146902583185768,-0.00164110846344776,-0.00466963806932474,0.0235918702446487,0.0589538164188477,0.000199953254274104,0.0208851978475832,0.00976672244330611,0.0047098196429437,0.00644997984930786,0.00486285702689985,0.000733455648809569,0.00146902583185768,0.00164110846344776,0.00466963806932474,0.0634990457565114,0.0108430285600305,0.00164194825845269,0.0208861549940766,0.00807772359768188,0.00494962187316231
"WxT_26.",0.238304713525589,0.196119751642761,0.24966823980943,0.251733878197608,-0.0693004438289513,-0.00313842385483038,-0.00353011459170443,-0.0115106954092916,-0.0297894507216916,-0.0104254110552177,-0.0167375033347189,-0.0191369340178903,0.000528315099282356,0.00312328668057119,0.00378044201919477,0.0120579310296602,0.00723075965824582,0.0025612084132569,0.00895522661747225,0.0135325013957586,0.00090105941169455,0.000552336610402003,0.00219600023019318,0.000131364734690494,0.0421849618828276,-0.0661620199741209,-0.00206563838817811,0.00798058081758715,-0.0193640396664739,-0.00259497158128884,0.00239943068317138,-0.00827748901046541,0.00466955124498892,0.000348722801292547,-0.00457727477828635,0.00206463549550269,0.0421849618828276,0.0661620199741209,0.00206563838817811,0.00798058081758715,0.0193640396664739,0.00259497158128884,0.00239943068317138,0.00827748901046541,0.00466955124498892,0.000348722801292547,0.00457727477828635,0.00206463549550269,0.078466450767902,0.0195371417999786,0.00468255447610798,0.00824357520356035,0.00861824181151352,0.00502137074166268
"WxT_27.",0.232206301593615,0.176016139623426,0.199243267929382,0.224787967882652,-0.034802572763041,0.0200954421058924,0.00142345034655362,-0.0113479823600167,-0.0178215774969117,-0.00367727852803544,-0.0163873169903515,-0.0152663252699778,-0.00685766575729182,0.00266929377383835,0.00602459081658496,-0.00452664616852084,0.000826422788490471,0.00178596162271899,0.00697965522698844,0.00369298228728129,0.00314287410094713,0.00122420964876463,0.00076864701302126,0.00652212454137039,0.0561901619701881,-0.0548980148689334,-0.0255446999532707,0.0127714327065703,-0.0141442989688762,-0.00952695953113017,-0.00112099172037364,0.0105512369851058,-0.000959538834228518,0.0019186644521825,0.00328667293970716,-0.00575347752834913,0.0561901619701881,0.0548980148689334,0.0255446999532707,0.0127714327065703,0.0141442989688762,0.00952695953113017,0.00112099172037364,0.0105512369851058,0.000959538834228518,0.0019186644521825,0.00328667293970716,0.00575347752834913,0.0785565168447889,0.0170535671115678,0.00214522447647359,0.028559432576315,0.0106106184717485,0.00662606389056291
"WxT_28.",0.229745690283221,0.186089731298029,0.205536538002984,0.198440989956192,-0.0134232989532637,0.0154193524454282,-0.000799728892330783,-0.00862453688887024,-0.0127812482421621,-0.00812071769845253,-0.0129891929076487,-0.0137410268923881,-0.0115796136677722,-0.00286219769284602,0.00744188028011625,0.00609147695512005,-0.00228962946758503,0.00205117059199465,0.00229886714500244,0.00660403479734556,0.00466621829938219,0.00241579068911666,-0.00262199546985462,0.00186812258461566,0.0436559589851917,-0.0288426513986919,0.00709554804679155,0.00782480799653946,-0.00466053054370958,-0.00871741597492616,0.000751833984739395,0.0013504033249962,-0.00434080005957968,0.00225042761026553,-0.00430516765234312,-0.00449011805447028,0.0436559589851917,0.0288426513986919,0.00709554804679155,0.00782480799653946,0.00466053054370958,0.00871741597492616,0.000751833984739395,0.0013504033249962,0.00434080005957968,0.00225042761026553,0.00430516765234312,0.00449011805447028,0.0523234296909444,0.00988503344601058,0.00488947538968061,0.010562879449612,0.00154558839306262,0.00622058105468143
"WxT_29.",0.228204770882784,0.210221226495734,0.238443465029905,0.241786167345109,-0.0312708846594372,0.0124285885185518,-0.0185039480899004,-0.0321319304496769,-0.0181354036337223,-0.00452125239975437,-0.0250453830359535,-0.0179444639093541,-0.00408617073578944,0.00225927254568112,-0.00564281876749131,0.000623692675458732,0.00208692845075723,0.00176303555922667,0.00517373164867179,0.00150055849366239,0.0035087558189621,0.000104104092880964,0.00451181150359448,0.000800496713947002,0.0179835443870502,-0.043699473177989,-0.00334270231520389,0.0136279823597765,-0.013614151233968,-0.00634544328147057,-0.00710091912659943,-0.00626651144295004,0.000323892891530554,0.00340465172608114,0.0036731731550094,0.00371131478964748,0.0179835443870502,0.043699473177989,0.00334270231520389,0.0136279823597765,0.013614151233968,0.00634544328147057,0.00710091912659943,0.00626651144295004,0.000323892891530554,0.00340465172608114,0.0036731731550094,0.00371131478964748,0.0472551777560384,0.0150203117231205,0.00342002338896846,0.0140319479034969,0.00947059755808098,0.00522169115273375
"WxT_3.",0.275774496267946,0.22429540833067,0.251626355600065,0.206668632965985,-0.0222180062376021,0.0326793646119698,0.00443281795439541,-0.00195203972205268,-0.0163905775059097,-0.00217061294324728,-0.00567040776174308,-0.0077329026309406,0.00695618526617085,0.000664304272770746,0.00665697448882165,-0.00194437307205099,0.00554559477706079,0.0039050302602468,0.000181517326565159,0.000301594707853169,-0.00222466634938823,0.00242319851447513,-0.00136234673242153,0.00299384176383302,0.0514790879372757,-0.0548973708495718,0.0449577226340798,0.00638485767644809,-0.0142199645626625,0.00629188099340011,0.00206249486919752,0.00860134756087264,0.00164056451681399,-0.00464786486386336,-0.00012007738128801,-0.00435618849625455,0.0514790879372757,0.0548973708495718,0.0449577226340798,0.00638485767644809,0.0142199645626625,0.00629188099340011,0.00206249486919752,0.00860134756087264,0.00164056451681399,0.00464786486386336,0.00012007738128801,0.00435618849625455,0.0752583405414256,0.0155497639402817,0.00492890451587011,0.0454088453056378,0.00884517184391551,0.00435784313535922
"WxT_30.",0.231909874798578,0.19503574557256,0.220607977295897,0.229332672397663,-0.0256652887851977,0.00417196536771814,0.0262503421421789,0.0244857710951144,-0.0162240379371062,-0.00632902141917204,-0.00989058286804796,-0.0093432601553379,0.000430433698794795,0.0025769606674408,0.011017385961253,0.00376167290026483,0.00160520451903727,0.00211013573098265,0.0115798641868857,0.00544155850071181,-0.000614348439805457,-0.00131199007218007,-0.000805910237520259,0.00162687334106525,0.0368741292260183,-0.0298372541529159,-0.00872469510176621,0.00176457104706451,-0.00989501651793414,-0.00214652696864601,-0.00054732271271006,0.00725571306098815,-0.000504931211945384,0.000697641632374615,0.00613830568617389,-0.00243278357858551,0.0368741292260183,0.0298372541529159,0.00872469510176621,0.00176457104706451,0.00989501651793414,0.00214652696864601,0.00054732271271006,0.00725571306098815,0.000504931211945384,0.000697641632374615,0.00613830568617389,0.00243278357858551,0.0474337763788926,0.0101251632044779,0.000861196479334973,0.0089013490887012,0.00727632697006136,0.00660282005185284
"WxT_31.",0.252448573927513,0.194500383479724,0.206717540285112,0.220907874006809,-0.0232098871111148,0.00486207021900991,-0.0222948085913011,0.00699410453743836,-0.0128338452824084,-0.00856168026151884,-0.0171044661466645,-0.009869385365987,-0.00511811266555961,0.00462753444045072,-0.000453542301858583,0.0144647419772024,0.00289558191995932,0.00371841496951694,0.00581084072505828,0.0053372302939616,0.00426402027438083,0.000962962285494951,0.00147711385601947,-0.0050602837375872,0.0579481904477889,-0.0280719573301247,-0.014190333721697,-0.0292889131287395,-0.00427216502088956,-0.00974564710601033,-0.00723508078067751,-0.014918284279061,-0.000822833049557623,0.00330105798888588,0.000473610431096681,0.00653739759360667,0.0579481904477889,0.0280719573301247,0.014190333721697,0.0292889131287395,0.00427216502088956,0.00974564710601033,0.00723508078067751,0.014918284279061,0.000822833049557623,0.00330105798888588,0.000473610431096681,0.00653739759360667,0.0643896541729924,0.0106409130943073,0.00340206379620248,0.0325454452019937,0.0165801568066713,0.00655453080985496
"WxT_34.",0.254148847230377,0.2368051402824,0.196530115933099,0.257593285562898,-0.0454373224551247,0.026367608884242,0.0441835368650135,0.0155558192070413,-0.0245251694375241,-0.00425034742668795,-0.00201160380106641,-0.00933537038725095,0.00278577171295848,0.00436858038654171,-0.00762769727254366,0.00868259629697165,0.0062534916026281,-0.000176873124558954,0.00100562504799661,0.0029945314420328,-0.000701800663901752,-0.001818000674077,0.00231726536306801,-0.00258181362528431,0.0173437069479773,-0.0718049313393667,-0.0610631696297992,0.0286277176579722,-0.0202748220108362,-0.00158280867358322,0.00732376658618454,-0.0163102935695153,0.00643036472718705,0.00111620001017525,-0.00198890639403619,0.00489907898835232,0.0173437069479773,0.0718049313393667,0.0610631696297992,0.0286277176579722,0.0202748220108362,0.00158280867358322,0.00732376658618454,0.0163102935695153,0.00643036472718705,0.00111620001017525,0.00198890639403619,0.00489907898835232,0.0738698337303428,0.020336511275739,0.00652652227356704,0.0674407658878678,0.0178791284276579,0.00528741180336403
"WxT_35.",0.30792275801296,0.242003695904793,0.227660173350703,0.199903415545706,-0.05038780955343,0.0210658187851134,-0.0705326472851307,0.0125320548131588,-0.0232088441914849,-0.00303629174112721,-0.0326739103069273,-0.00911191501020493,-0.0170074318114589,0.00118273564970206,-0.0213559382845236,0.0155351782205761,0.000407844206318226,7.22027726718956e-06,0.000923112417089173,0.0082759264306537,0.00536275727399994,0.00114562664447609,0.0112032682850484,-0.0052879249681908,0.0659190621081669,-0.0714536283385435,0.0277567578049979,-0.0830647020982895,-0.0201725524503577,-0.0181901674611609,-0.0235619952967224,-0.0368911165050998,0.000400623929051037,0.00421713062952384,-0.00735281401356452,0.0164911932532392,0.0659190621081669,0.0714536283385435,0.0277567578049979,0.0830647020982895,0.0201725524503577,0.0181901674611609,0.0235619952967224,0.0368911165050998,0.000400623929051037,0.00421713062952384,0.00735281401356452,0.0164911932532392,0.0972159644912453,0.0271627330110118,0.00423611735897348,0.0875795771771187,0.043773531949748,0.0180561161060111
"WxT_36.",0.276334264262023,0.196252161989374,0.221505533554275,0.256909560242578,-0.0392557100160698,0.0102513029644029,0.0036107165999109,-0.0207604257163123,-0.0231836476753244,-0.00754283625065856,-0.0162131020618927,-0.0224338420196883,-0.00630889049535492,-0.000798654072757217,0.000815440785443494,0.0109860120973972,0.00624480786069876,0.00360937275902432,0.00550078999538423,0.0109464601156569,0.0046001024957656,0.00103920731014604,0.00187476735913791,0.000437648015919398,0.0800821022726487,-0.0495070129804727,-0.0354040266883025,0.0243711423162232,-0.0156408114246659,-0.00551023642259771,0.00622073995779561,-0.0101705713119537,0.00263543510167445,0.00356089518561956,-0.00544567012027268,0.00143711934321851,0.0800821022726487,0.0495070129804727,0.0354040266883025,0.0243711423162232,0.0156408114246659,0.00551023642259771,0.00622073995779561,0.0101705713119537,0.00263543510167445,0.00356089518561956,0.00544567012027268,0.00143711934321851,0.0941492827304364,0.0165830542257716,0.00443006689544372,0.0429813643750829,0.0119221695355355,0.00563210751544068
"WxT_38.",0.250786735776644,0.247959076034042,0.171893070051209,0.284077798550161,-0.0189536644433985,0.00200127605610573,0.00940639814106549,-0.0262448332554502,-0.0142072492536582,-0.0102811200361665,-0.0127804512038483,-0.0256302139645926,-0.00676959464361283,0.00892913143376567,-0.00399449187061235,-0.0153135441113831,7.5990042482664e-05,0.00468885960881881,0.000863274275843711,-0.00140448123208756,0.00341426649482549,-0.000510259840537045,0.00451468096753987,0.00846493711001882,0.0028276597426023,-0.0209549404995042,-0.112184728498951,0.0356512313965157,-0.00392612921749177,-0.0156987260773785,0.0128497627607443,0.0113190522407708,-0.00461286956633615,0.00392452633536254,0.00226775550793127,-0.00395025614247895,0.0028276597426023,0.0209549404995042,0.112184728498951,0.0356512313965157,0.00392612921749177,0.0156987260773785,0.0128497627607443,0.0113190522407708,0.00461286956633615,0.00392452633536254,0.00226775550793127,0.00395025614247895,0.0211448620463151,0.0161822276304904,0.0060564405877532,0.117713311092974,0.0171241743344521,0.00455491368029574
"WxT_39.",0.24043630110045,0.222664864359911,0.241757050819907,0.192586719659117,-0.0438364881488217,0.00265890935934946,-0.0364227190479494,0.0107925414004378,-0.0213600802608502,-0.0109989315004819,-0.0169508823260217,-0.0113615864670185,-0.0121779117774768,-0.00101597841139433,0.00357594385421202,-0.00442616098011437,0.00129005626706987,-0.000365465449870764,0.00586710353133629,0.00114497534948663,0.00500853222232588,0.00101219717053974,-0.00322281024080059,0.0065157062099804,0.0177714367405396,-0.0464953975081712,0.0491703311607897,-0.0472152604483872,-0.0103611487603682,-0.0111619333660824,-0.00558929585900323,0.00800210483432639,0.00165552171694063,0.00399633505178614,0.00472212818184966,-0.00973851645078099,0.0177714367405396,0.0464953975081712,0.0491703311607897,0.0472152604483872,0.0103611487603682,0.0111619333660824,0.00558929585900323,0.00800210483432639,0.00165552171694063,0.00399633505178614,0.00472212818184966,0.00973851645078099,0.0497759575826106,0.0152296474057459,0.00432567289579281,0.068168924633375,0.00976083551644123,0.0108229939124048
"WxT_4.",0.251446312306712,0.24128201515645,0.267947561069534,0.208805644998927,-0.0456907997175825,0.00940448184273196,-0.0387876480024346,-0.023958387110699,-0.0210146639606601,-0.00756493182928002,-0.0240338457683776,-0.0193488993963479,-0.00163610322794682,0.003308932347322,-0.0013126088498552,0.00605484726840856,0.00408670331276346,0.00205139248781393,0.00620600226388054,0.00943022960181909,-0.000371090368246671,0.000576055450193717,0.00152271266359009,0.00424245593544717,0.0101642971502614,-0.0550952815603144,0.059141916070607,-0.0148292608917356,-0.0134497321313801,-0.00494503557526881,-0.00468494637202978,-0.00736745611826377,0.00203531082494953,-0.000947145818440389,-0.00322422733793855,-0.00271974327185708,0.0101642971502614,0.0550952815603144,0.059141916070607,0.0148292608917356,0.0134497321313801,0.00494503557526881,0.00468494637202978,0.00736745611826377,0.00203531082494953,0.000947145818440389,0.00322422733793855,0.00271974327185708,0.0560250210778107,0.0143299920183701,0.00224489985423534,0.0609727251736207,0.00873087235981246,0.00421813292719921
"WxT_40.",0.309489735484451,0.23031024373357,0.283242297352932,0.222370390257739,-0.0321166216326469,0.0203856957067744,0.00601128666149651,0.0291382328530021,-0.0157097953149325,-0.00340617788420213,-0.0204785071701603,-0.0100982630078165,-0.0140649139649728,-0.00217792737901622,0.00143843717830108,-0.00155272776066391,0.000392860449420398,0.0018105603425344,0.0118171803839643,0.00410051118628814,0.00278023336549142,0.00140869620152306,0.00569494612549613,0.00315213106583675,0.0791794917508812,-0.0525023173394213,0.0608719070951929,-0.0231269461915056,-0.0123036174307303,-0.0118869865859566,-0.0103802441623438,0.00299116493896499,-0.001417699893114,0.00137153716396837,0.0077166691976762,0.00254281505965938,0.0791794917508812,0.0525023173394213,0.0608719070951929,0.0231269461915056,0.0123036174307303,0.0118869865859566,0.0103802441623438,0.00299116493896499,0.001417699893114,0.00137153716396837,0.0077166691976762,0.00254281505965938,0.0950046590433184,0.0171078768985659,0.0019725585362878,0.065117161436526,0.0108026171163272,0.00812483180958198
"WxT_41.",0.25985257277182,0.278216969656308,0.261706452161865,0.228286825332295,-0.0592558678986601,0.00264012490715116,-0.0253521540884277,0.0134142665896642,-0.0250483508719424,-0.015463128068442,-0.0163704267994642,-0.0125494136565966,-0.00906181863655274,-0.000546342159968315,0.00848519602664805,0.00100386962097192,0.00428158424420447,0.00501257917133258,0.0123934918229907,0.00408723415711678,0.0030251489980761,0.00174623849317157,8.37105839401892e-05,-0.000200294211972887,-0.0183643968844875,-0.0618959928058112,0.0334196268295703,-0.038766420678092,-0.00958522280350048,-0.00851547647658442,-0.00382101314286767,0.00748132640567612,-0.000730994927128118,0.00127891050490453,0.00830625766587397,0.000284004795913076,0.0183643968844875,0.0618959928058112,0.0334196268295703,0.038766420678092,0.00958522280350048,0.00851547647658442,0.00382101314286767,0.00748132640567612,0.000730994927128118,0.00127891050490453,0.00830625766587397,0.000284004795913076,0.0645628763171841,0.012821459972094,0.00147308033149663,0.0511830717094874,0.00840061820500339,0.00831111154635718
"WxT_42.",0.226745670153634,0.221711166831811,0.234657656395509,0.190230350643479,-0.0398483219850959,-0.0182762783165747,-0.0179394779173457,-0.0100833406090086,-0.0219217454465182,-0.0179814037690642,-0.0117491524846483,-0.016090430018728,-0.00737757316363118,-0.0012273227342213,-0.0236107507229202,-0.00913152201580443,0.00111571053697325,0.00150424053163279,-0.0054340678497097,0.0018153549662768,0.00377797865555557,0.00208106729646736,0.00829949612254725,0.00905611246991103,0.00503450332182276,-0.0215720436685212,0.0444273057520299,-0.00785613730833702,-0.00394034167745397,-0.00615025042940989,0.00434127753407969,-0.0144792287071158,-0.000388529994659538,0.00169691135908822,-0.0072494228159865,-0.000756616347363777,0.00503450332182276,0.0215720436685212,0.0444273057520299,0.00785613730833702,0.00394034167745397,0.00615025042940989,0.00434127753407969,0.0144792287071158,0.000388529994659538,0.00169691135908822,0.0072494228159865,0.000756616347363777,0.0221517333798967,0.00730423663907032,0.00174082271278633,0.0451165644723952,0.0151160429537915,0.00728879958992177
"WxT_44.",0.310129539328478,0.221490477735299,0.262595532816138,0.207359507878924,-0.0356747768215383,0.0168772348576657,-0.0363078287326601,-0.0229329689291041,-0.0209146043293904,-0.000948657692986769,-0.0226141657056682,-0.0187926476760445,0.00391259038940219,0.00705713641008819,0.00279985273782067,-0.00911505579027216,0.00585041048227205,0.00176364727474128,0.00975403416014705,0.00453954715031499,-8.35530630055332e-05,-0.00460978314908547,0.00291516155509685,0.0075305962806482,0.0886390615931785,-0.052552011679204,0.0552360249372131,-0.0133748598035561,-0.0199659466364036,-0.003144546020686,-0.00382151802962364,0.0119149085280928,0.00408676320753077,0.00452623008607994,0.00521448700983206,-0.00461543472555135,0.0886390615931785,0.052552011679204,0.0552360249372131,0.0133748598035561,0.0199659466364036,0.003144546020686,0.00382151802962364,0.0119149085280928,0.00408676320753077,0.00452623008607994,0.00521448700983206,0.00461543472555135,0.103046577680438,0.0202120556788252,0.00609822862039153,0.0568322560314933,0.0125127553034317,0.00696369962602729
"WxT_45.",0.280479525930339,0.202895450694077,0.222967157853979,0.227687763596466,-0.0358388336557323,0.00323004665159677,0.00569545981519363,0.00381087755342248,-0.0188038332277298,-0.00666667345001793,-0.0161934411462168,-0.0108930949502124,-0.00281826709221712,-0.00589612764977557,-0.00199284182335893,-0.00535656022704249,0.00468858841921058,0.000504116997459645,0.00481097744484913,0.00293706609568808,0.00254026630307042,0.00430495834678105,0.00568186514416923,0.00280614994857472,0.0775840752362622,-0.039068880307329,-0.00472060574248614,0.00188458226177115,-0.0121371597777119,0.00307786055755844,-0.00530034619600444,0.00336371840368355,0.00418447142175094,-0.00176469204371063,0.00187391134916105,0.00287571519559451,0.0775840752362622,0.039068880307329,0.00472060574248614,0.00188458226177115,0.0121371597777119,0.00307786055755844,0.00530034619600444,0.00336371840368355,0.00418447142175094,0.00176469204371063,0.00187391134916105,0.00287571519559451,0.0868657938358615,0.0125213367130463,0.00454135872714168,0.00508288981558479,0.00627760075958787,0.00343238716212023
"WxT_46.",0.251537832578993,0.227654808113858,0.215473555664623,0.202359332862852,-0.0108376401096826,-0.000332828749711722,0.0130118717793441,0.00182374116231071,-0.0147298705639353,-0.00754121251914265,-0.00491477183382862,-0.00769186737352207,-0.00491912398033708,0.00200138987408768,-0.000160201246502131,0.00470049460190857,0.00266648054583014,0.0025357711866076,0.00216215802258739,0.00603551240126372,0.0034515463239466,0.00123035454877183,0.000494956063959989,0.00131430742143835,0.0238830244651347,-0.0105048113599709,0.0131142228017713,0.0111881306170333,-0.00718865804479264,-0.00692051385442476,0.00277709553969345,-0.0048606958484107,0.000130709359222539,0.00222119177517477,-0.00387335437867634,-0.000819351357478362,0.0238830244651347,0.0105048113599709,0.0131142228017713,0.0111881306170333,0.00718865804479264,0.00692051385442476,0.00277709553969345,0.0048606958484107,0.000130709359222539,0.00222119177517477,0.00387335437867634,0.000819351357478362,0.026091184705007,0.00997849269650718,0.0022250343455085,0.0172382454559128,0.00559809108244429,0.00395906690898408
"WxT_47.",0.257788811606783,0.240350203361381,0.279689582193982,0.243909700909947,-0.0133681087405214,-0.00283803550218144,-0.016061497122745,-0.0258450715031354,-0.0164856988127905,-0.012922982418496,-0.0246931839951082,-0.0215705438694786,-0.00624710062957502,0.00439030910972257,-0.012086146843329,-0.00745344810898967,0.00427240560993747,0.00568488001852145,0.0039797099329941,0.0069429348609538,0.00489036391170352,0.000156728551757447,0.00786525462870086,0.00993873790531473,0.0174386082454013,-0.0105300732383399,0.0357798812840354,0.00978357438039037,-0.00356271639429449,-0.0106374097392976,-0.00312264012562952,-0.00463269873433934,-0.00141247440858398,0.00473363535994607,-0.0029632249279597,-0.00207348327661388,0.0174386082454013,0.0105300732383399,0.0357798812840354,0.00978357438039037,0.00356271639429449,0.0106374097392976,0.00312264012562952,0.00463269873433934,0.00141247440858398,0.00473363535994607,0.0029632249279597,0.00207348327661388,0.0203712419832808,0.0112181742751607,0.00493987729360117,0.0370933718116363,0.00558683979699981,0.00361663308507777
"WxT_48.",0.244758536632677,0.196871645087353,0.155248932126374,0.177199021116043,-0.0592295269766488,-0.0135370322598339,-0.0110463850766865,0.0144509711790803,-0.0263115075398767,-0.00947811993062616,-0.0143082988343984,-0.00647479860823932,-0.00792106405323545,-0.000238165036592479,0.000663045618648702,0.00917160297329098,0.00301456139223911,0.0010042442719358,0.00482967869066687,0.00343041362246817,0.00413012787731465,-0.00204825605273224,0.00193792388718257,-0.0016655614146734,0.0478868915453233,-0.0456924947168149,-0.0219500889896699,-0.0254973562557669,-0.0168333876092505,-0.00768289901664297,-0.00783350022615909,-0.00850855735464228,0.00201031712030331,0.00617838393004688,0.0013992650681987,0.00360348530185597,0.0478868915453233,0.0456924947168149,0.0219500889896699,0.0254973562557669,0.0168333876092505,0.00768289901664297,0.00783350022615909,0.00850855735464228,0.00201031712030331,0.00617838393004688,0.0013992650681987,0.00360348530185597,0.0661888091396099,0.0185037800382301,0.00649721501192982,0.033644042306,0.0115654344514364,0.00386562401841839
"WxT_49.",0.252366914068303,0.219788184069836,0.330689090332528,0.266137881083736,-0.0398871878359675,-0.00410790551000598,0.00691776023186729,-0.00713826327050902,-0.0198552406768188,-0.0102158267886226,-0.019456825381586,-0.0104187877722014,-0.00428791730586384,0.00418740417726989,0.00157762886638417,0.0159842584792043,0.00300602714809278,0.00236917769725732,0.00938018357863649,0.0073228381535939,0.000780297255435189,-0.00286635617676794,0.00871942248359996,-0.000697115427017251,0.0325787299984678,-0.0357792823259615,0.0645512092487919,0.0140560235023763,-0.00963941388819615,-0.00847532148313373,-0.00903803760938465,-0.0144066296128201,0.000636849450835461,0.00364665343220313,0.00205734542504259,0.00941653791061721,0.0325787299984678,0.0357792823259615,0.0645512092487919,0.0140560235023763,0.00963941388819615,0.00847532148313373,0.00903803760938465,0.0144066296128201,0.000636849450835461,0.00364665343220313,0.00205734542504259,0.00941653791061721,0.0483893654853412,0.0128354732811228,0.00370184528007699,0.0660638358875768,0.0170069721182119,0.0096386646595903
"WxT_5.",0.259466360090595,0.214546144756641,0.271789589061016,0.221985440651271,-0.02472177930288,0.0123185256803797,-0.0570310905516156,-0.028740229926074,-0.017770078165781,-0.0119978387106201,-0.0259237491263015,-0.0133723466741649,-0.00355075131527287,-7.89361106535336e-05,-0.010107301794005,0.00245924125113931,0.00529914030352618,0.00386217174974323,0.0052786945658334,0.00176825697622984,0.00419058248325956,0.00039040400996443,0.00047360441881826,-0.00302762689116314,0.0449202153339542,-0.0370403049832597,0.0498041484097455,-0.0282908606255416,-0.0057722394551609,-0.00347181520461934,-0.0125514024521366,-0.0125665430451443,0.00143696855378295,0.00380017847329513,0.00351043758960355,0.0035012313099814,0.0449202153339542,0.0370403049832597,0.0498041484097455,0.0282908606255416,0.0057722394551609,0.00347181520461934,0.0125514024521366,0.0125665430451443,0.00143696855378295,0.00380017847329513,0.00351043758960355,0.0035012313099814,0.0582220743266822,0.00673589260178206,0.00406278661185359,0.0572784950374377,0.0177610728172868,0.0049580029000088
"WxT_50.",0.277920274813499,0.217088616712114,0.308802521128644,0.297138211580892,-0.0635380179103001,-0.0123931261963176,-0.0104835979914554,-0.0214759107520889,-0.0316791957789647,-0.0102042092548126,-0.0225610867421119,-0.0197078400813186,-0.0133210344974833,0.00341205575071529,-0.0130717286516816,0.00505190053687346,0.00630250182595904,0.0023856718247823,0.00554671264462998,0.00978884393900181,0.00859760968457284,-0.000660374169815496,0.0084065382302504,0.00629028756877689,0.0608316581013852,-0.0511448917139825,0.0116643095477524,0.0109923127606335,-0.0214749865241522,-0.0167330902481985,-0.00285324666079324,-0.018123629188555,0.00391683000117674,0.00925798385438834,-0.00424213129437183,0.00211625066147351,0.0608316581013852,0.0511448917139825,0.0116643095477524,0.0109923127606335,0.0214749865241522,0.0167330902481985,0.00285324666079324,0.018123629188555,0.00391683000117674,0.00925798385438834,0.00424213129437183,0.00211625066147351,0.0794750940597041,0.0272244624458753,0.0100524535465842,0.0160276965610588,0.0183468512685848,0.00474069560095097
"WxT_51.",0.294492887499189,0.275660894489584,0.221008209659755,0.204392527879069,-0.0392082663882808,0.0175852889004701,0.0154942209242402,0.00834594430670441,-0.0237089074075256,-0.00505741345544556,-0.00914697571954087,-0.0104982591236259,-0.00352139289755059,-0.00251930155008686,-0.00363629987983989,0.00552778412507669,0.00715746817881852,-0.000117028320164848,0.00526212491021591,0.00791688934483573,0.00212032050087185,-0.00113374732079677,0.005959958881908,-0.000213898252938657,0.0188319930096056,-0.0567935552887509,0.0166156817806859,0.00714827661753578,-0.01865149395208,-0.00100209134746373,0.00135128340408502,-0.00916408400491659,0.00727449649898337,0.00325406782166863,-0.00265476443461982,0.00617385713484665,0.0188319930096056,0.0567935552887509,0.0166156817806859,0.00714827661753578,0.01865149395208,0.00100209134746373,0.00135128340408502,0.00916408400491659,0.00727449649898337,0.00325406782166863,0.00265476443461982,0.00617385713484665,0.0598343704157589,0.0186783943023253,0.00796914403821016,0.0180880828071365,0.00926317453615787,0.00672043794144543
"WxT_52.",0.301093429278436,0.240397351160607,0.243395525121173,0.243265477592292,-0.0258192236903048,0.0155509812609506,0.0119662381804348,-0.00307716713161081,-0.0179349662576518,-0.00937530918378249,-0.0170402853275065,-0.0109651628735802,-0.00272008430967816,0.00598222335151427,-0.00633641348301802,0.00212210008596703,-0.00165807687661894,0.00242354007371594,0.00450149216996883,0.00288106069335039,0.00188385737474118,-0.00202788320636405,0.00646537036137576,-0.00217222924433098,0.0606960781178288,-0.0413702049512554,0.000130047528880683,0.0150434053120456,-0.00855965707386935,-0.00870230766119243,-0.00607512245392628,-0.00845851356898505,-0.00408161695033488,0.00391174058110523,0.00162043147661844,0.00863759960570675,0.0606960781178288,0.0413702049512554,0.000130047528880683,0.0150434053120456,0.00855965707386935,0.00870230766119243,0.00607512245392628,0.00845851356898505,0.00408161695033488,0.00391174058110523,0.00162043147661844,0.00863759960570675,0.0734541200790974,0.0122064690984859,0.00565343358527599,0.0150439674202735,0.0104141041202258,0.0087882834000117
"WxT_55.",0.289619492713794,0.262924345369067,0.218820773725147,0.259414702526271,-0.0427592152463493,0.0122181546201774,0.0264594651568606,0.00686068414148764,-0.0259619278160136,-0.00689444878569899,-0.00452998880897244,-0.0121311079292186,-0.00337291167547786,-0.00144988396430415,0.00825965249212466,0.00289113562777827,0.00593000691618442,0.000492552187537116,0.00455931068300867,0.00510086893325071,0.00347947230768304,-5.96257976118143e-05,-0.000389631745669871,0.000800310178734376,0.0266951473447274,-0.0549773698665268,-0.0405939288011245,0.019598781015373,-0.0190674790303146,-0.00192302771117371,0.00760111912024614,0.0053685168643464,0.0054374547286473,0.00353909810529486,-0.000541558250242046,-0.00118994192440425,0.0266951473447274,0.0549773698665268,0.0405939288011245,0.019598781015373,0.0190674790303146,0.00192302771117371,0.00760111912024614,0.0053685168643464,0.0054374547286473,0.00353909810529486,0.000541558250242046,0.00118994192440425,0.0611158088320656,0.0191642060140625,0.00648776766885117,0.0450774807725466,0.00930580384507127,0.00130738178121776
"WxT_56.",0.248176542020379,0.219965096883591,0.225744542106891,0.243742232876857,-0.0678395893786568,-0.0104520507709857,0.0215427193884396,-0.0303771162919993,-0.025110933643953,-0.0134150981726894,-0.00804848882502016,-0.0200360672360988,-0.0165828155281014,0.00398028093726993,-0.0056857566397187,-0.00151195160966804,-0.00241301531328598,0.00432523900561394,0.00318406935652059,0.00507022417844286,0.00521454824172851,0.000651657555329591,0.00861745593937133,0.00423365263326676,0.0282114451367875,-0.0573875386076711,-0.0179976907699655,0.051919835680439,-0.0116958354712636,-0.0205630964653713,0.0119875784110787,-0.00417380503005066,-0.00673825431889992,0.00456289068639892,-0.00188615482192226,0.00438380330610457,0.0282114451367875,0.0573875386076711,0.0179976907699655,0.051919835680439,0.0116958354712636,0.0205630964653713,0.0119875784110787,0.00417380503005066,0.00673825431889992,0.00456289068639892,0.00188615482192226,0.00438380330610457,0.0639469719701638,0.0236565742155333,0.00813781559647302,0.0549507616883978,0.0126934110699463,0.00477234862922586
"WxT_57.",0.265224260854075,0.25509779625868,0.139413551602022,0.132945287484491,-0.0410053099401041,0.0175313383151849,-0.00903680363716792,-0.00452474307241265,-0.0251219701595244,-0.00752127328867855,-0.0116509415275124,-0.00638618706404491,0.00431382811196879,0.00287254456989406,-0.00345639543911683,-0.000914086535467299,0.00657463873651018,0.000978917198602943,0.00171810765904532,0.00239065788571224,0.00206623479992378,-0.00333986327320913,0.00235635836503724,0.00249794916498392,0.0101264645953955,-0.058536648255289,0.00646826411753115,-0.00451206056475526,-0.0176006968708459,0.00144128354207473,-0.00526475446346748,-0.00254230890364953,0.00559572153790724,0.00540609807313292,-0.000672550226666919,-0.000141590799946681,0.0101264645953955,0.058536648255289,0.00646826411753115,0.00451206056475526,0.0176006968708459,0.00144128354207473,0.00526475446346748,0.00254230890364953,0.00559572153790724,0.00540609807313292,0.000672550226666919,0.000141590799946681,0.0594060979543786,0.0176596100916204,0.00778061667903839,0.00788651578545055,0.00584644970235582,0.00068729306850809
"WxT_58.",0.25792052483945,0.196946064290645,0.18628412429067,0.179443149351577,-0.0433263078609791,0.000976163388415112,-0.00983052999336964,0.00908439937610636,-0.0229323369407905,-0.00829523594484008,-0.0117770293815989,-0.00811460632857458,-0.0109250170551728,-0.00050612769800803,0.0123158457502511,0.00420622669690831,0.000423425439396833,0.00266945359802284,0.00730469220731549,0.0028503997169761,0.00470828398422023,0.000741831490644267,-0.00267462094732722,-3.26636325756279e-05,0.0609744605488049,-0.0443024712493942,0.00684097493909264,-0.018914929369476,-0.0146371009959505,-0.0104188893571647,-0.00366242305302432,0.00810961905334277,-0.002246028158626,0.00396645249357596,0.0044542924903394,-0.0026419573147516,0.0609744605488049,0.0443024712493942,0.00684097493909264,0.018914929369476,0.0146371009959505,0.0104188893571647,0.00366242305302432,0.00810961905334277,0.002246028158626,0.00396645249357596,0.0044542924903394,0.0026419573147516,0.0753697140635492,0.0179665795576814,0.00455822200788157,0.0201140123090735,0.00889827308019169,0.00517886667548639
"WxT_59.",0.284624997928298,0.252825073994425,0.351283749220642,0.310563808589192,-0.0438284225145157,0.00513683840053495,0.00110758849844258,0.0133592570166893,-0.0254058678378704,-0.00943329957721501,-0.00992849438191066,-0.0114061377098129,-0.00945660758887937,0.000625579899536341,-0.00634830767435476,0.0139027596811356,0.00211659560310987,0.00214623347163149,-0.005213893167591,0.00885239678207966,0.00480419258032605,-0.00101809403137792,-0.000839211723901661,-0.00115574797476295,0.0317999239338735,-0.0489652609150507,0.0407199406314505,-0.0122516685182467,-0.0159725682606554,-0.0100821874884157,0.00147764332790226,-0.0202510673554904,-2.96378685216109e-05,0.00582228661170397,-0.0140662899496707,0.000316536250861284,0.0317999239338735,0.0489652609150507,0.0407199406314505,0.0122516685182467,0.0159725682606554,0.0100821874884157,0.00147764332790226,0.0202510673554904,2.96378685216109e-05,0.00582228661170397,0.0140662899496707,0.000316536250861284,0.0583852030798826,0.018888447299682,0.0058223620457747,0.0425231342507799,0.020304904797637,0.0140698510349724
"WxT_6.",0.243743488547007,0.217668133291824,0.238198035274367,0.225333609026294,-0.0180429274559369,0.0210139839668114,-0.024282499327661,-0.0187523210400002,-0.0171616395188298,-0.00310515358781689,-0.0180092511196285,-0.0172400601040301,-0.0044280761325762,-0.00303001580903375,0.0044899144860121,-0.00448243630179322,0.00401866134209541,0.00020358805773454,0.00784947770459992,0.00169487371626707,0.00426558682034286,0.00101462934816983,-0.00101947133608379,0.00210283765860775,0.026075355255183,-0.0390569114227483,0.0128644262480731,-0.00553017828766078,-0.0140564859310129,-0.00139806032354245,-0.000769191015598393,0.00897235078780532,0.00381507328436087,0.00325095747217303,0.00615460398833285,-0.00312230899469154,0.026075355255183,0.0390569114227483,0.0128644262480731,0.00553017828766078,0.0140564859310129,0.00139806032354245,0.000769191015598393,0.00897235078780532,0.00381507328436087,0.00325095747217303,0.00615460398833285,0.00312230899469154,0.0469613296401241,0.0141258404846235,0.00501233564827034,0.0140027259698041,0.00900526143306834,0.00690130159546257
"WxT_61.",0.251787140502205,0.243804277918998,0.255072575279209,0.299876112310914,-0.0593305757544131,0.00387769141095439,-0.00407188557370205,-0.034432354589186,-0.0266494044981095,-0.0134979670520087,-0.0181665456930773,-0.0229589897407257,-0.000446873292060048,0.0122907853961278,0.00170222197355612,0.00265029353668951,0.00417557793893259,0.00525781760502043,0.0111494544289331,0.00780634489220278,0.0018460368490679,-0.00297401151138178,0.00324148475395304,0.00548425050985662,0.00798286258320735,-0.0632082671653675,-0.0448035370317048,0.0303604690154839,-0.0131514374461008,-0.0127376586881879,0.00479244404764841,-0.000948071563133384,-0.00108223966608785,0.00482004836044968,0.00334310953673033,-0.00224276575590358,0.00798286258320735,0.0632082671653675,0.0448035370317048,0.0303604690154839,0.0131514374461008,0.0127376586881879,0.00479244404764841,0.000948071563133384,0.00108223966608785,0.00482004836044968,0.00334310953673033,0.00224276575590358,0.0637103691173646,0.0183086934475257,0.0049400515070116,0.0541212990364376,0.00488532083272561,0.00402571479496884
"WxT_62.",0.300857985176333,0.239098731078761,0.233779468748736,0.222230601096629,-0.0606317365365345,0.00728735755333408,-0.0144490571520517,-0.00310846231835417,-0.0280986756523386,-0.0108077737637719,-0.0198944423081764,-0.0130103592041858,-0.0139926060013549,0.00170199346154641,0.00774409363948074,-0.00236490874144646,0.00147579553022313,0.00075147478445919,0.00959217342968528,0.00665598125230869,0.00573600764770847,-0.00148084760663653,-0.00221328292296612,0.00351561836959835,0.0617592540975717,-0.0679190940898686,0.0115488676521069,-0.0113405948336975,-0.0172909018885667,-0.0156945994629014,-0.00688408310399065,0.0101090023809272,0.000724320745763943,0.00721685525434501,0.00293619217737659,-0.00572890129256446,0.0617592540975717,0.0679190940898686,0.0115488676521069,0.0113405948336975,0.0172909018885667,0.0156945994629014,0.00688408310399065,0.0101090023809272,0.000724320745763943,0.00721685525434501,0.00293619217737659,0.00572890129256446,0.0917998301124618,0.0233515682646999,0.00725311245638114,0.0161859641426752,0.01223039366988,0.0064375099628998
"WxT_63.",0.270193166257481,0.255110484011635,0.248291711645088,0.210567712607224,-0.037332236350335,0.00896507976159818,-0.00517744928308396,0.00231528404757419,-0.018480701578963,-0.00414868444208907,-0.011756623314677,-0.014540816766034,-0.00376720855887564,-0.00101975748096398,0.00181226705178312,-0.00645629819499316,0.00146745133151573,-0.000644147244468051,0.00383161234031377,0.00456814988527609,-0.00049996210176424,0.0017351572142076,0.00104176908055665,0.00442051832398275,0.0150826822458466,-0.0462973161119332,0.0377239990378638,-0.00749273333065816,-0.0143320171368739,-0.00274745107791166,0.002784193451357,0.00826856524677629,0.00211159857598379,-0.00223511931597184,-0.000736537544962315,-0.00337874924342609,0.0150826822458466,0.0462973161119332,0.0377239990378638,0.00749273333065816,0.0143320171368739,0.00274745107791166,0.002784193451357,0.00826856524677629,0.00211159857598379,0.00223511931597184,0.000736537544962315,0.00337874924342609,0.0486921840021317,0.0145929847062609,0.00307483445127168,0.0384609042557907,0.00872472947516287,0.0034580968761866
"WxT_64.",0.248947784506192,0.258490440751075,0.261463008681338,0.241765846825397,-0.0270381128185101,0.0108273614624089,0.0129128438001857,-0.0191233517809633,-0.0235022671511837,-0.00322908805593625,-0.0163772514889628,-0.016496257751813,-0.00741069614825739,0.000478408165751507,-0.000629501957023581,-0.00107450314435724,0.00445682663306321,0.00189465749128379,0.00394305231507908,0.00322632326033621,0.00715481552723881,0.000615203136792796,0.0030438418106602,0.00452902837896007,-0.00954265624488329,-0.0378654742809191,0.0196971618559402,0.032036195581149,-0.0202731790952475,-0.0078891043140089,0.000119006262850187,0.000445001187333657,0.00256216914177942,0.00653961239044601,0.000716729054742869,-0.00148518656829987,0.00954265624488329,0.0378654742809191,0.0196971618559402,0.032036195581149,0.0202731790952475,0.0078891043140089,0.000119006262850187,0.000445001187333657,0.00256216914177942,0.00653961239044601,0.000716729054742869,0.00148518656829987,0.0390494101200896,0.0217540745035336,0.00702362021527088,0.037607127150219,0.000460639281136479,0.001649084497705
"WxT_65.",0.302438154564886,0.24218745924043,0.252170185520972,0.252817160851323,-0.0476460634140351,-0.00229020201893032,-0.000753595959931443,-0.0085759193096429,-0.0247216100518645,-0.00957547502007741,-0.0184790365353705,-0.0154130203438031,-0.00939354032184449,-0.00160046643564998,-0.00876862386342071,-0.000236165173642538,0.000588260340364254,0.00340279786671754,0.00230215120783438,0.00386571212202924,0.00291981567578961,-0.001064782909786,0.00330857374789463,0.0017059143558627,0.0602506953244563,-0.0453558613951048,-0.000646975330351518,0.00782232334971146,-0.0151461350317871,-0.00779307388619451,-0.00306601619156739,-0.00853245868977817,-0.00281453752635328,0.00398459858557561,-0.00156356091419485,0.00160265939203193,0.0602506953244563,0.0453558613951048,0.000646975330351518,0.00782232334971146,0.0151461350317871,0.00779307388619451,0.00306601619156739,0.00853245868977817,0.00281453752635328,0.00398459858557561,0.00156356091419485,0.00160265939203193,0.0754141926295867,0.0170334202964882,0.00487838573458701,0.00784903304016008,0.00906660391655688,0.00223902654277836
"WxT_66.",0.279379078540617,0.257159402604365,0.194398316022352,0.221070964528389,-0.0385539397261857,0.000156274110893722,-0.00804367072851565,-0.00374082084579947,-0.0218381134793193,-0.0159658876148547,-0.0163640124861679,-0.0113795556483903,-0.00513319281700453,0.000358064397463626,0.00407031791283749,0.0116717767073662,0.0030430829273241,0.00344011716970649,0.00230395219062484,0.00247861384221182,0.00351134747177124,0.000694682392399295,-0.00078216351636258,-0.00331988702621362,0.0222196759362518,-0.0387102138370794,-0.0266726485060365,-0.00430284988271618,-0.00587222586446458,-0.00549125721446816,-0.00498445683777756,-0.00760145879452875,-0.000397034242382389,0.00281666507937195,-0.000174661651586983,0.00253772350985104,0.0222196759362518,0.0387102138370794,0.0266726485060365,0.00430284988271618,0.00587222586446458,0.00549125721446816,0.00498445683777756,0.00760145879452875,0.000397034242382389,0.00281666507937195,0.000174661651586983,0.00253772350985104,0.0446340078194247,0.00803971034296233,0.00284451021425087,0.0270174886960236,0.00908993871115674,0.00254372705001652
"WxT_68.",0.246199518051733,0.268645713912226,0.284410968838607,0.281975222919239,-0.00920698264937739,0.0349718207517483,-0.0334071638970474,0.0388619834015246,-0.0166606891811943,-0.00495331812324993,-0.026857478493081,-0.00295193799144809,-0.00288571249181593,-0.00032860155761796,0.00933779228239207,0.00943455321991257,0.00233814996726741,0.000486917854643943,0.0160207947837295,0.0057067996262632,0.00322053301977865,-0.00114732003914678,0.00156458940678453,-0.00442154681742128,-0.0224461958604936,-0.0441788034011257,0.00243574591936818,-0.0722691472985721,-0.0117073710579443,-0.00255711093419797,-0.0239055405016329,-9.67609375205e-05,0.00185123211262347,0.00436785305892543,0.0103139951574663,0.00598613622420581,0.0224461958604936,0.0441788034011257,0.00243574591936818,0.0722691472985721,0.0117073710579443,0.00255711093419797,0.0239055405016329,9.67609375205e-05,0.00185123211262347,0.00436785305892543,0.0103139951574663,0.00598613622420581,0.0495539945772584,0.011983378213934,0.00474396465829717,0.0723101826124539,0.0239057363273806,0.0119252808353928
"WxT_69.",0.270046232887632,0.284139081285562,0.303368805221671,0.256970969129777,-0.020000865013844,0.0315253009073239,0.0181584046694818,-0.0243049839835616,-0.0191782664023371,-0.00355798498660472,-0.0123994802821701,-0.016986760922962,-0.0135822827526454,0.0125057983339477,0.00166339506349105,-0.0126648479401138,-7.87192183913288e-05,0.00197955325286477,0.00347294084765781,-0.000664834757854395,0.00878102640501596,-0.00393717059291791,-0.00177474520137568,0.00278468897550096,-0.0140928483979302,-0.051526165921168,0.0463978360918947,0.0424633886530435,-0.0156202814157324,-0.0260880810865931,0.00458728064079188,0.0143282430036048,-0.0020582724712561,0.0127181969979339,0.00413777560551221,-0.00455943417687664,0.0140928483979302,0.051526165921168,0.0463978360918947,0.0424633886530435,0.0156202814157324,0.0260880810865931,0.00458728064079188,0.0143282430036048,0.0020582724712561,0.0127181969979339,0.00413777560551221,0.00455943417687664,0.0534186685579374,0.0304069262880569,0.0128836726302784,0.06289593444659,0.0150446565679558,0.00615707941924113
"WxT_71.",0.228688856640276,0.21743766046907,0.187179905011254,0.203778166192506,-0.0297304462751232,0.0106053024227304,-0.0209625186879162,0.00707971654269994,-0.0151021832628899,-0.00746237802852867,-0.0168777986080948,-0.00964425143794097,-0.00841670601456417,0.00744681174919267,0.00251652524070476,0.00691715937437503,-0.00119392065573443,0.00294658744412161,0.00440465140459326,0.00597799467888021,0.00224991830570628,-0.00312269310092271,-0.000201949501835379,-0.00125072244734762,0.0112511961712059,-0.0403357486978536,-0.016598261181252,-0.0280422352306162,-0.00763980523436123,-0.0158635177637568,-0.00723354717015379,-0.00440063413367027,-0.00414050809985604,0.005372611406629,-0.00157334327428695,0.00104877294551224,0.0112511961712059,0.0403357486978536,0.016598261181252,0.0280422352306162,0.00763980523436123,0.0158635177637568,0.00723354717015379,0.00440063413367027,0.00414050809985604,0.005372611406629,0.00157334327428695,0.00104877294551224,0.0418755541849819,0.0176073229044055,0.00678297579618367,0.0325863350343402,0.00846698207398975,0.0018908552958866
"WxT_73.",0.226512102276571,0.25707182056922,0.230750029212768,0.299114542878226,-0.0246436661256527,0.0266391851741043,-0.00505540391993755,0.00617817277023677,-0.0203391751413089,-0.00826124226431449,-0.0202635387903175,-0.0126783413052454,-0.00162047008883875,0.000939222290955129,-0.0076792340644629,0.0151550658048596,0.00484941173723705,0.00167433912746009,0.00315730435842835,0.00783273474979147,0.00232164821421718,-0.00141396758149296,0.00812990074348275,-0.000578354265463259,-0.0305597182926489,-0.051282851299757,-0.0683645136654573,-0.0112335766901743,-0.0120779328769944,-0.00255969237979388,-0.00758519748507208,-0.0228342998693225,0.00317507260977696,0.00373561579571013,-0.00467543039136312,0.00870825500894601,0.0305597182926489,0.051282851299757,0.0683645136654573,0.0112335766901743,0.0120779328769944,0.00255969237979388,0.00758519748507208,0.0228342998693225,0.00317507260977696,0.00373561579571013,0.00467543039136312,0.00870825500894601,0.0596977991182175,0.0123461932457076,0.00490264331259321,0.0692813104232918,0.024061181837343,0.00988399487278879
"WxT_74.",0.238308797275962,0.194911158994119,0.260913731137971,0.277540883466134,-0.0326225357928232,0.00256030201017719,-0.0301051099194387,-0.0108565530968415,-0.0173259718091077,-0.00577078358947858,-0.0297203126457935,-0.022434273686822,-0.00392976725294837,0.00243895057685319,-0.00863446002741735,-0.000322281213408331,0.00233099807121912,0.00228774975833306,0.013228515446279,0.0077060268774829,0.00258306867030754,-0.000596629079987893,0.0073882492376765,0.0049799756893713,0.0433976382818431,-0.0351828378030004,-0.0166271523281629,-0.0192485568225972,-0.0115551882196292,-0.00636871782980155,-0.00728603895897145,-0.00831217881400901,4.324831288606e-05,0.00317969775029544,0.00552248856879613,0.0024082735483052,0.0433976382818431,0.0351828378030004,0.0166271523281629,0.0192485568225972,0.0115551882196292,0.00636871782980155,0.00728603895897145,0.00831217881400901,4.324831288606e-05,0.00317969775029544,0.00552248856879613,0.0024082735483052,0.0558675852736981,0.0131940494764378,0.00317999185530425,0.0254355879487124,0.011053446537063,0.00602475405937458
"WxT_76.",0.226474039361782,0.226540839037849,0.256204799507265,0.269177208097675,-0.0196082428786928,0.00558875987374407,0.0127762291636189,-0.0147278806580096,-0.0099245670544209,-0.0119982577173386,-0.0112040314968324,-0.0147413125608064,0.009919924576536,0.00718943756079525,-0.00189337367210512,0.00533299047473125,0.00354706123148913,0.00638976052193705,0.00154744366032712,0.00489270521911379,-0.00421250537898017,-0.00118253335828607,0.00383030515195871,-0.00329997092230575,-6.67996760677081e-05,-0.0251970027524369,-0.0129724085904098,0.0275041098216286,0.0020736906629177,0.00273048701574075,0.00353728106397405,-0.00722636414683637,-0.00284269929044792,-0.0030299720206941,-0.00334526155878667,0.00713027607426445,6.67996760677081e-05,0.0251970027524369,0.0129724085904098,0.0275041098216286,0.0020736906629177,0.00273048701574075,0.00353728106397405,0.00722636414683637,0.00284269929044792,0.0030299720206941,0.00334526155878667,0.00713027607426445,0.0251970912984621,0.00342866625797859,0.00415471656098249,0.0304098576405208,0.00804566318635273,0.00787601496900075
"WxT_77.",0.225648755971343,0.23176316334958,0.245406454080584,0.20901025137411,-0.0329517456264789,-0.000603408416072326,-0.0187438825920804,0.00225506686583365,-0.0187969445641804,-0.00879558311449219,-0.0195166540854067,-0.0123679266420753,-0.00189969507608333,0.00656218893319427,-0.0106616362589046,0.00657280710134756,0.00274654944381527,0.00414341175523372,0.00197101380824972,0.00461302851215658,0.00143940171779065,-0.00111436695307849,0.00613830632218799,0.00338558663543991,-0.00611440737823721,-0.0323483372104065,0.0363962027064742,-0.0209989494579141,-0.0100013614496882,-0.0084618840092776,-0.00714872744333142,-0.0172344433602522,-0.00139686231141844,0.00255376867086914,-0.00264201470390686,0.00275271968674808,0.00611440737823721,0.0323483372104065,0.0363962027064742,0.0209989494579141,0.0100013614496882,0.0084618840092776,0.00714872744333142,0.0172344433602522,0.00139686231141844,0.00255376867086914,0.00264201470390686,0.00275271968674808,0.0329211314791156,0.0131007905041558,0.00291083471557112,0.0420195127266701,0.0186582513113309,0.00381545637761337
"WxT_78.",0.26612858406405,0.201098407662659,0.226060913385909,0.276418453987096,-0.0121726925237305,-0.00588013737903485,-0.00939188841690372,-0.0364573034351174,-0.0152650926233655,-0.00983704511814652,-0.0148632174756609,-0.0325088247330419,0.0103565155953269,-0.000703609679054066,0.0138355094479651,0.0181213689590976,0.00484126520814879,0.000951703775802951,0.0109737364386302,0.0166365266735651,-0.00269302199786491,-0.00319991254414714,-0.00340788580061732,-0.00248380967326954,0.0650301764013909,-0.00629255514469563,-0.0503575406011871,0.0270654150182137,-0.00542804750521894,0.011060125274381,0.017645607257381,-0.00428585951113246,0.00388956143234584,0.00050689054628223,-0.00566279023493495,-0.000924076127347773,0.0650301764013909,0.00629255514469563,0.0503575406011871,0.0270654150182137,0.00542804750521894,0.011060125274381,0.017645607257381,0.00428585951113246,0.00388956143234584,0.00050689054628223,0.00566279023493495,0.000924076127347773,0.0653339122741403,0.0123203113111607,0.00392245154997515,0.057170084707899,0.0181586356103894,0.00573769203896556
"WxT_9.",0.241655255886278,0.192683689929681,0.245407741258862,0.219544619599281,-0.0328743852143082,0.0145707786436228,0.0430489379003391,0.00704821194550318,-0.0123765341357668,-0.00597680005993058,-0.00342515594018196,-0.0108976730479464,0.00609136208271088,0.00448216316174175,0.0065193679386335,0.00137153882237876,0.00142857963014714,0.00291848046339853,0.00784937137569945,0.00203483467290073,-0.00294719168985175,-0.000403126464259732,-0.00199673369126694,0.000808832439343429,0.0489715659565966,-0.047445163857931,0.0258631216595803,0.0360007259548359,-0.00639973407583618,0.00160919892096913,0.00747251710776441,0.00514782911625474,-0.00148990083325139,-0.00254406522559202,0.00581453670279872,-0.00280556613061037,0.0489715659565966,0.047445163857931,0.0258631216595803,0.0360007259548359,0.00639973407583618,0.00160919892096913,0.00747251710776441,0.00514782911625474,0.00148990083325139,0.00254406522559202,0.00581453670279872,0.00280556613061037,0.0681854665287788,0.0065989482047268,0.00294823207447951,0.0443277941167102,0.00907406505024026,0.00645600792916346
